[
null,
{"id":1,"battlerName":"","characterIndex":6,"characterName":"KRD/$kuroudo","classId":1,"equips":[0,0],"faceIndex":6,"faceName":"","traits":[],"initialLevel":1,"maxLevel":99,"name":"くろうど","nickname":"","note":"","profile":""},
{"id":2,"battlerName":"","characterIndex":0,"characterName":"","classId":1,"equips":[0,0],"faceIndex":0,"faceName":"","traits":[],"initialLevel":1,"maxLevel":99,"name":"","nickname":"","note":"","profile":""},
{"id":3,"battlerName":"","characterIndex":0,"characterName":"","classId":1,"equips":[0,0],"faceIndex":0,"faceName":"","traits":[],"initialLevel":1,"maxLevel":99,"name":"","nickname":"","note":"","profile":""},
{"id":4,"battlerName":"","characterIndex":0,"characterName":"","classId":1,"equips":[0,0],"faceIndex":0,"faceName":"","traits":[],"initialLevel":1,"maxLevel":99,"name":"","nickname":"","note":"","profile":""},
{"id":5,"battlerName":"","characterIndex":0,"characterName":"KRD/$kuroudo","classId":1,"equips":[0,0],"faceIndex":0,"faceName":"","traits":[],"initialLevel":1,"maxLevel":99,"name":"","nickname":"","note":"","profile":""}
]