[
null,
{"id":1,"displayType":0,"effectName":"HitPhysical","flashTimings":[{"frame":0,"duration":30,"color":[255,255,255,255]}],"name":"打撃/物理","offsetX":0,"offsetY":0,"rotation":{"x":0,"y":0,"z":0},"scale":50,"soundTimings":[],"speed":100,"timings":[]},
{"id":2,"displayType":0,"effectName":"","flashTimings":[],"name":"","offsetX":0,"offsetY":0,"rotation":{"x":0,"y":0,"z":0},"scale":100,"soundTimings":[],"speed":100},
{"id":3,"displayType":0,"effectName":"","flashTimings":[],"name":"","offsetX":0,"offsetY":0,"rotation":{"x":0,"y":0,"z":0},"scale":100,"soundTimings":[],"speed":100},
{"id":4,"displayType":0,"effectName":"","flashTimings":[],"name":"","offsetX":0,"offsetY":0,"rotation":{"x":0,"y":0,"z":0},"scale":100,"soundTimings":[],"speed":100},
{"id":5,"displayType":0,"effectName":"","flashTimings":[],"name":"","offsetX":0,"offsetY":0,"rotation":{"x":0,"y":0,"z":0},"scale":100,"soundTimings":[],"speed":100},
{"id":6,"displayType":0,"effectName":"","flashTimings":[],"name":"","offsetX":0,"offsetY":0,"rotation":{"x":0,"y":0,"z":0},"scale":100,"soundTimings":[],"speed":100},
{"id":7,"displayType":0,"effectName":"","flashTimings":[],"name":"","offsetX":0,"offsetY":0,"rotation":{"x":0,"y":0,"z":0},"scale":100,"soundTimings":[],"speed":100},
{"id":8,"displayType":0,"effectName":"","flashTimings":[],"name":"","offsetX":0,"offsetY":0,"rotation":{"x":0,"y":0,"z":0},"scale":100,"soundTimings":[],"speed":100},
{"id":9,"displayType":0,"effectName":"","flashTimings":[],"name":"","offsetX":0,"offsetY":0,"rotation":{"x":0,"y":0,"z":0},"scale":100,"soundTimings":[],"speed":100},
{"id":10,"displayType":0,"effectName":"","flashTimings":[],"name":"","offsetX":0,"offsetY":0,"rotation":{"x":0,"y":0,"z":0},"scale":100,"soundTimings":[],"speed":100},
{"id":11,"displayType":0,"effectName":"","flashTimings":[],"name":"","offsetX":0,"offsetY":0,"rotation":{"x":0,"y":0,"z":0},"scale":100,"soundTimings":[],"speed":100},
{"id":12,"displayType":0,"effectName":"","flashTimings":[],"name":"","offsetX":0,"offsetY":0,"rotation":{"x":0,"y":0,"z":0},"scale":100,"soundTimings":[],"speed":100},
{"id":13,"displayType":0,"effectName":"","flashTimings":[],"name":"","offsetX":0,"offsetY":0,"rotation":{"x":0,"y":0,"z":0},"scale":100,"soundTimings":[],"speed":100},
{"id":14,"displayType":0,"effectName":"","flashTimings":[],"name":"","offsetX":0,"offsetY":0,"rotation":{"x":0,"y":0,"z":0},"scale":100,"soundTimings":[],"speed":100},
{"id":15,"displayType":0,"effectName":"","flashTimings":[],"name":"","offsetX":0,"offsetY":0,"rotation":{"x":0,"y":0,"z":0},"scale":100,"soundTimings":[],"speed":100},
{"id":16,"displayType":0,"effectName":"","flashTimings":[],"name":"","offsetX":0,"offsetY":0,"rotation":{"x":0,"y":0,"z":0},"scale":100,"soundTimings":[],"speed":100},
{"id":17,"displayType":0,"effectName":"","flashTimings":[],"name":"","offsetX":0,"offsetY":0,"rotation":{"x":0,"y":0,"z":0},"scale":100,"soundTimings":[],"speed":100},
{"id":18,"displayType":0,"effectName":"","flashTimings":[],"name":"","offsetX":0,"offsetY":0,"rotation":{"x":0,"y":0,"z":0},"scale":100,"soundTimings":[],"speed":100},
{"id":19,"displayType":0,"effectName":"","flashTimings":[],"name":"","offsetX":0,"offsetY":0,"rotation":{"x":0,"y":0,"z":0},"scale":100,"soundTimings":[],"speed":100},
{"id":20,"displayType":0,"effectName":"","flashTimings":[],"name":"","offsetX":0,"offsetY":0,"rotation":{"x":0,"y":0,"z":0},"scale":100,"soundTimings":[],"speed":100},
{"id":21,"displayType":0,"effectName":"","flashTimings":[],"name":"","offsetX":0,"offsetY":0,"rotation":{"x":0,"y":0,"z":0},"scale":100,"soundTimings":[],"speed":100},
{"id":22,"displayType":0,"effectName":"","flashTimings":[],"name":"","offsetX":0,"offsetY":0,"rotation":{"x":0,"y":0,"z":0},"scale":100,"soundTimings":[],"speed":100},
{"id":23,"displayType":0,"effectName":"","flashTimings":[],"name":"","offsetX":0,"offsetY":0,"rotation":{"x":0,"y":0,"z":0},"scale":100,"soundTimings":[],"speed":100},
{"id":24,"displayType":0,"effectName":"","flashTimings":[],"name":"","offsetX":0,"offsetY":0,"rotation":{"x":0,"y":0,"z":0},"scale":100,"soundTimings":[],"speed":100},
{"id":25,"displayType":0,"effectName":"","flashTimings":[],"name":"","offsetX":0,"offsetY":0,"rotation":{"x":0,"y":0,"z":0},"scale":100,"soundTimings":[],"speed":100},
{"id":26,"displayType":0,"effectName":"","flashTimings":[],"name":"","offsetX":0,"offsetY":0,"rotation":{"x":0,"y":0,"z":0},"scale":100,"soundTimings":[],"speed":100},
{"id":27,"displayType":0,"effectName":"","flashTimings":[],"name":"","offsetX":0,"offsetY":0,"rotation":{"x":0,"y":0,"z":0},"scale":100,"soundTimings":[],"speed":100},
{"id":28,"displayType":0,"effectName":"","flashTimings":[],"name":"","offsetX":0,"offsetY":0,"rotation":{"x":0,"y":0,"z":0},"scale":100,"soundTimings":[],"speed":100},
{"id":29,"displayType":0,"effectName":"","flashTimings":[],"name":"","offsetX":0,"offsetY":0,"rotation":{"x":0,"y":0,"z":0},"scale":100,"soundTimings":[],"speed":100},
{"id":30,"displayType":0,"effectName":"","flashTimings":[],"name":"","offsetX":0,"offsetY":0,"rotation":{"x":0,"y":0,"z":0},"scale":100,"soundTimings":[],"speed":100},
{"id":31,"displayType":0,"effectName":"","flashTimings":[],"name":"","offsetX":0,"offsetY":0,"rotation":{"x":0,"y":0,"z":0},"scale":100,"soundTimings":[],"speed":100},
{"id":32,"displayType":0,"effectName":"","flashTimings":[],"name":"","offsetX":0,"offsetY":0,"rotation":{"x":0,"y":0,"z":0},"scale":100,"soundTimings":[],"speed":100},
{"id":33,"displayType":0,"effectName":"","flashTimings":[],"name":"","offsetX":0,"offsetY":0,"rotation":{"x":0,"y":0,"z":0},"scale":100,"soundTimings":[],"speed":100},
{"id":34,"displayType":0,"effectName":"","flashTimings":[],"name":"","offsetX":0,"offsetY":0,"rotation":{"x":0,"y":0,"z":0},"scale":100,"soundTimings":[],"speed":100},
{"id":35,"displayType":0,"effectName":"","flashTimings":[],"name":"","offsetX":0,"offsetY":0,"rotation":{"x":0,"y":0,"z":0},"scale":100,"soundTimings":[],"speed":100},
{"id":36,"displayType":0,"effectName":"","flashTimings":[],"name":"","offsetX":0,"offsetY":0,"rotation":{"x":0,"y":0,"z":0},"scale":100,"soundTimings":[],"speed":100},
{"id":37,"displayType":0,"effectName":"","flashTimings":[],"name":"","offsetX":0,"offsetY":0,"rotation":{"x":0,"y":0,"z":0},"scale":100,"soundTimings":[],"speed":100},
{"id":38,"displayType":0,"effectName":"","flashTimings":[],"name":"","offsetX":0,"offsetY":0,"rotation":{"x":0,"y":0,"z":0},"scale":100,"soundTimings":[],"speed":100},
{"id":39,"displayType":0,"effectName":"","flashTimings":[],"name":"","offsetX":0,"offsetY":0,"rotation":{"x":0,"y":0,"z":0},"scale":100,"soundTimings":[],"speed":100},
{"id":40,"displayType":0,"effectName":"","flashTimings":[],"name":"","offsetX":0,"offsetY":0,"rotation":{"x":0,"y":0,"z":0},"scale":100,"soundTimings":[],"speed":100},
{"id":41,"displayType":0,"effectName":"","flashTimings":[],"name":"","offsetX":0,"offsetY":0,"rotation":{"x":0,"y":0,"z":0},"scale":100,"soundTimings":[],"speed":100},
{"id":42,"displayType":0,"effectName":"","flashTimings":[],"name":"","offsetX":0,"offsetY":0,"rotation":{"x":0,"y":0,"z":0},"scale":100,"soundTimings":[],"speed":100},
{"id":43,"displayType":0,"effectName":"","flashTimings":[],"name":"","offsetX":0,"offsetY":0,"rotation":{"x":0,"y":0,"z":0},"scale":100,"soundTimings":[],"speed":100},
{"id":44,"displayType":0,"effectName":"","flashTimings":[],"name":"","offsetX":0,"offsetY":0,"rotation":{"x":0,"y":0,"z":0},"scale":100,"soundTimings":[],"speed":100},
{"id":45,"displayType":0,"effectName":"","flashTimings":[],"name":"","offsetX":0,"offsetY":0,"rotation":{"x":0,"y":0,"z":0},"scale":100,"soundTimings":[],"speed":100},
{"id":46,"displayType":0,"effectName":"","flashTimings":[],"name":"","offsetX":0,"offsetY":0,"rotation":{"x":0,"y":0,"z":0},"scale":100,"soundTimings":[],"speed":100},
{"id":47,"displayType":0,"effectName":"","flashTimings":[],"name":"","offsetX":0,"offsetY":0,"rotation":{"x":0,"y":0,"z":0},"scale":100,"soundTimings":[],"speed":100},
{"id":48,"displayType":0,"effectName":"","flashTimings":[],"name":"","offsetX":0,"offsetY":0,"rotation":{"x":0,"y":0,"z":0},"scale":100,"soundTimings":[],"speed":100},
{"id":49,"displayType":0,"effectName":"","flashTimings":[],"name":"","offsetX":0,"offsetY":0,"rotation":{"x":0,"y":0,"z":0},"scale":100,"soundTimings":[],"speed":100},
{"id":50,"displayType":0,"effectName":"","flashTimings":[],"name":"","offsetX":0,"offsetY":0,"rotation":{"x":0,"y":0,"z":0},"scale":100,"soundTimings":[],"speed":100},
{"id":51,"displayType":0,"effectName":"","flashTimings":[],"name":"","offsetX":0,"offsetY":0,"rotation":{"x":0,"y":0,"z":0},"scale":100,"soundTimings":[],"speed":100},
{"id":52,"displayType":0,"effectName":"","flashTimings":[],"name":"","offsetX":0,"offsetY":0,"rotation":{"x":0,"y":0,"z":0},"scale":100,"soundTimings":[],"speed":100},
{"id":53,"displayType":0,"effectName":"","flashTimings":[],"name":"","offsetX":0,"offsetY":0,"rotation":{"x":0,"y":0,"z":0},"scale":100,"soundTimings":[],"speed":100},
{"id":54,"displayType":0,"effectName":"","flashTimings":[],"name":"","offsetX":0,"offsetY":0,"rotation":{"x":0,"y":0,"z":0},"scale":100,"soundTimings":[],"speed":100},
{"id":55,"displayType":0,"effectName":"","flashTimings":[],"name":"","offsetX":0,"offsetY":0,"rotation":{"x":0,"y":0,"z":0},"scale":100,"soundTimings":[],"speed":100},
{"id":56,"displayType":0,"effectName":"","flashTimings":[],"name":"","offsetX":0,"offsetY":0,"rotation":{"x":0,"y":0,"z":0},"scale":100,"soundTimings":[],"speed":100},
{"id":57,"displayType":0,"effectName":"","flashTimings":[],"name":"","offsetX":0,"offsetY":0,"rotation":{"x":0,"y":0,"z":0},"scale":100,"soundTimings":[],"speed":100},
{"id":58,"displayType":0,"effectName":"","flashTimings":[],"name":"","offsetX":0,"offsetY":0,"rotation":{"x":0,"y":0,"z":0},"scale":100,"soundTimings":[],"speed":100},
{"id":59,"displayType":0,"effectName":"","flashTimings":[],"name":"","offsetX":0,"offsetY":0,"rotation":{"x":0,"y":0,"z":0},"scale":100,"soundTimings":[],"speed":100},
{"id":60,"displayType":0,"effectName":"","flashTimings":[],"name":"","offsetX":0,"offsetY":0,"rotation":{"x":0,"y":0,"z":0},"scale":100,"soundTimings":[],"speed":100},
{"id":61,"displayType":0,"effectName":"","flashTimings":[],"name":"","offsetX":0,"offsetY":0,"rotation":{"x":0,"y":0,"z":0},"scale":100,"soundTimings":[],"speed":100},
{"id":62,"displayType":0,"effectName":"","flashTimings":[],"name":"","offsetX":0,"offsetY":0,"rotation":{"x":0,"y":0,"z":0},"scale":100,"soundTimings":[],"speed":100},
{"id":63,"displayType":0,"effectName":"","flashTimings":[],"name":"","offsetX":0,"offsetY":0,"rotation":{"x":0,"y":0,"z":0},"scale":100,"soundTimings":[],"speed":100},
{"id":64,"displayType":0,"effectName":"","flashTimings":[],"name":"","offsetX":0,"offsetY":0,"rotation":{"x":0,"y":0,"z":0},"scale":100,"soundTimings":[],"speed":100},
{"id":65,"displayType":0,"effectName":"","flashTimings":[],"name":"","offsetX":0,"offsetY":0,"rotation":{"x":0,"y":0,"z":0},"scale":100,"soundTimings":[],"speed":100},
{"id":66,"displayType":0,"effectName":"","flashTimings":[],"name":"","offsetX":0,"offsetY":0,"rotation":{"x":0,"y":0,"z":0},"scale":100,"soundTimings":[],"speed":100},
{"id":67,"displayType":0,"effectName":"","flashTimings":[],"name":"","offsetX":0,"offsetY":0,"rotation":{"x":0,"y":0,"z":0},"scale":100,"soundTimings":[],"speed":100,"timings":[]},
{"id":68,"displayType":1,"effectName":"FireAll1","flashTimings":[{"frame":9,"duration":30,"color":[255,221,51,204]},{"frame":29,"duration":30,"color":[187,102,102,68]},{"frame":49,"duration":30,"color":[255,221,51,204]},{"frame":79,"duration":50,"color":[187,102,102,68]}],"name":"炎/全体1","offsetX":0,"offsetY":0,"rotation":{"x":0,"y":0,"z":0},"scale":100,"soundTimings":[],"speed":100,"timings":[]},
{"id":69,"displayType":0,"effectName":"","flashTimings":[],"name":"","offsetX":0,"offsetY":0,"rotation":{"x":0,"y":0,"z":0},"scale":100,"soundTimings":[],"speed":100},
{"id":70,"displayType":0,"effectName":"","flashTimings":[],"name":"","offsetX":0,"offsetY":0,"rotation":{"x":0,"y":0,"z":0},"scale":100,"soundTimings":[],"speed":100},
{"id":71,"displayType":0,"effectName":"","flashTimings":[],"name":"","offsetX":0,"offsetY":0,"rotation":{"x":0,"y":0,"z":0},"scale":100,"soundTimings":[],"speed":100},
{"id":72,"displayType":0,"effectName":"","flashTimings":[],"name":"","offsetX":0,"offsetY":0,"rotation":{"x":0,"y":0,"z":0},"scale":100,"soundTimings":[],"speed":100},
{"id":73,"displayType":0,"effectName":"","flashTimings":[],"name":"","offsetX":0,"offsetY":0,"rotation":{"x":0,"y":0,"z":0},"scale":100,"soundTimings":[],"speed":100},
{"id":74,"displayType":0,"effectName":"","flashTimings":[],"name":"","offsetX":0,"offsetY":0,"rotation":{"x":0,"y":0,"z":0},"scale":100,"soundTimings":[],"speed":100},
{"id":75,"displayType":0,"effectName":"","flashTimings":[],"name":"","offsetX":0,"offsetY":0,"rotation":{"x":0,"y":0,"z":0},"scale":100,"soundTimings":[],"speed":100},
{"id":76,"displayType":0,"effectName":"","flashTimings":[],"name":"","offsetX":0,"offsetY":0,"rotation":{"x":0,"y":0,"z":0},"scale":100,"soundTimings":[],"speed":100},
{"id":77,"displayType":0,"effectName":"","flashTimings":[],"name":"","offsetX":0,"offsetY":0,"rotation":{"x":0,"y":0,"z":0},"scale":100,"soundTimings":[],"speed":100},
{"id":78,"displayType":0,"effectName":"","flashTimings":[],"name":"","offsetX":0,"offsetY":0,"rotation":{"x":0,"y":0,"z":0},"scale":100,"soundTimings":[],"speed":100},
{"id":79,"displayType":0,"effectName":"","flashTimings":[],"name":"","offsetX":0,"offsetY":0,"rotation":{"x":0,"y":0,"z":0},"scale":100,"soundTimings":[],"speed":100},
{"id":80,"displayType":0,"effectName":"","flashTimings":[],"name":"","offsetX":0,"offsetY":0,"rotation":{"x":0,"y":0,"z":0},"scale":100,"soundTimings":[],"speed":100},
{"id":81,"displayType":0,"effectName":"","flashTimings":[],"name":"","offsetX":0,"offsetY":0,"rotation":{"x":0,"y":0,"z":0},"scale":100,"soundTimings":[],"speed":100},
{"id":82,"displayType":0,"effectName":"","flashTimings":[],"name":"","offsetX":0,"offsetY":0,"rotation":{"x":0,"y":0,"z":0},"scale":100,"soundTimings":[],"speed":100},
{"id":83,"displayType":0,"effectName":"","flashTimings":[],"name":"","offsetX":0,"offsetY":0,"rotation":{"x":0,"y":0,"z":0},"scale":100,"soundTimings":[],"speed":100},
{"id":84,"displayType":0,"effectName":"","flashTimings":[],"name":"","offsetX":0,"offsetY":0,"rotation":{"x":0,"y":0,"z":0},"scale":100,"soundTimings":[],"speed":100},
{"id":85,"displayType":0,"effectName":"","flashTimings":[],"name":"","offsetX":0,"offsetY":0,"rotation":{"x":0,"y":0,"z":0},"scale":100,"soundTimings":[],"speed":100},
{"id":86,"displayType":0,"effectName":"","flashTimings":[],"name":"","offsetX":0,"offsetY":0,"rotation":{"x":0,"y":0,"z":0},"scale":100,"soundTimings":[],"speed":100},
{"id":87,"displayType":0,"effectName":"","flashTimings":[],"name":"","offsetX":0,"offsetY":0,"rotation":{"x":0,"y":0,"z":0},"scale":100,"soundTimings":[],"speed":100},
{"id":88,"displayType":0,"effectName":"","flashTimings":[],"name":"","offsetX":0,"offsetY":0,"rotation":{"x":0,"y":0,"z":0},"scale":100,"soundTimings":[],"speed":100},
{"id":89,"displayType":0,"effectName":"","flashTimings":[],"name":"","offsetX":0,"offsetY":0,"rotation":{"x":0,"y":0,"z":0},"scale":100,"soundTimings":[],"speed":100},
{"id":90,"displayType":0,"effectName":"","flashTimings":[],"name":"","offsetX":0,"offsetY":0,"rotation":{"x":0,"y":0,"z":0},"scale":100,"soundTimings":[],"speed":100},
{"id":91,"displayType":0,"effectName":"","flashTimings":[],"name":"","offsetX":0,"offsetY":0,"rotation":{"x":0,"y":0,"z":0},"scale":100,"soundTimings":[],"speed":100},
{"id":92,"displayType":0,"effectName":"","flashTimings":[],"name":"","offsetX":0,"offsetY":0,"rotation":{"x":0,"y":0,"z":0},"scale":100,"soundTimings":[],"speed":100},
{"id":93,"displayType":0,"effectName":"","flashTimings":[],"name":"","offsetX":0,"offsetY":0,"rotation":{"x":0,"y":0,"z":0},"scale":100,"soundTimings":[],"speed":100},
{"id":94,"displayType":0,"effectName":"","flashTimings":[],"name":"","offsetX":0,"offsetY":0,"rotation":{"x":0,"y":0,"z":0},"scale":100,"soundTimings":[],"speed":100},
{"id":95,"displayType":0,"effectName":"","flashTimings":[],"name":"","offsetX":0,"offsetY":0,"rotation":{"x":0,"y":0,"z":0},"scale":100,"soundTimings":[],"speed":100},
{"id":96,"displayType":0,"effectName":"","flashTimings":[],"name":"","offsetX":0,"offsetY":0,"rotation":{"x":0,"y":0,"z":0},"scale":100,"soundTimings":[],"speed":100},
{"id":97,"displayType":0,"effectName":"","flashTimings":[],"name":"","offsetX":0,"offsetY":0,"rotation":{"x":0,"y":0,"z":0},"scale":100,"soundTimings":[],"speed":100},
{"id":98,"displayType":0,"effectName":"","flashTimings":[],"name":"","offsetX":0,"offsetY":0,"rotation":{"x":0,"y":0,"z":0},"scale":100,"soundTimings":[],"speed":100},
{"id":99,"displayType":0,"effectName":"","flashTimings":[],"name":"","offsetX":0,"offsetY":0,"rotation":{"x":0,"y":0,"z":0},"scale":100,"soundTimings":[],"speed":100},
{"id":100,"displayType":0,"effectName":"","flashTimings":[],"name":"","offsetX":0,"offsetY":0,"rotation":{"x":0,"y":0,"z":0},"scale":100,"soundTimings":[],"speed":100},
{"id":101,"displayType":0,"effectName":"","flashTimings":[],"name":"","offsetX":0,"offsetY":0,"rotation":{"x":0,"y":0,"z":0},"scale":100,"soundTimings":[],"speed":100},
{"id":102,"displayType":0,"effectName":"","flashTimings":[],"name":"","offsetX":0,"offsetY":0,"rotation":{"x":0,"y":0,"z":0},"scale":100,"soundTimings":[],"speed":100},
{"id":103,"displayType":0,"effectName":"","flashTimings":[],"name":"","offsetX":0,"offsetY":0,"rotation":{"x":0,"y":0,"z":0},"scale":100,"soundTimings":[],"speed":100},
{"id":104,"displayType":0,"effectName":"","flashTimings":[],"name":"","offsetX":0,"offsetY":0,"rotation":{"x":0,"y":0,"z":0},"scale":100,"soundTimings":[],"speed":100},
{"id":105,"displayType":0,"effectName":"","flashTimings":[],"name":"","offsetX":0,"offsetY":0,"rotation":{"x":0,"y":0,"z":0},"scale":100,"soundTimings":[],"speed":100},
{"id":106,"displayType":0,"effectName":"","flashTimings":[],"name":"","offsetX":0,"offsetY":0,"rotation":{"x":0,"y":0,"z":0},"scale":100,"soundTimings":[],"speed":100},
{"id":107,"displayType":0,"effectName":"","flashTimings":[],"name":"","offsetX":0,"offsetY":0,"rotation":{"x":0,"y":0,"z":0},"scale":100,"soundTimings":[],"speed":100},
{"id":108,"displayType":0,"effectName":"","flashTimings":[],"name":"","offsetX":0,"offsetY":0,"rotation":{"x":0,"y":0,"z":0},"scale":100,"soundTimings":[],"speed":100},
{"id":109,"displayType":0,"effectName":"","flashTimings":[],"name":"","offsetX":0,"offsetY":0,"rotation":{"x":0,"y":0,"z":0},"scale":100,"soundTimings":[],"speed":100},
{"id":110,"displayType":0,"effectName":"","flashTimings":[],"name":"","offsetX":0,"offsetY":0,"rotation":{"x":0,"y":0,"z":0},"scale":100,"soundTimings":[],"speed":100},
{"id":111,"displayType":0,"effectName":"","flashTimings":[],"name":"","offsetX":0,"offsetY":0,"rotation":{"x":0,"y":0,"z":0},"scale":100,"soundTimings":[],"speed":100},
{"id":112,"displayType":0,"effectName":"","flashTimings":[],"name":"","offsetX":0,"offsetY":0,"rotation":{"x":0,"y":0,"z":0},"scale":100,"soundTimings":[],"speed":100},
{"id":113,"displayType":0,"effectName":"","flashTimings":[],"name":"","offsetX":0,"offsetY":0,"rotation":{"x":0,"y":0,"z":0},"scale":100,"soundTimings":[],"speed":100},
{"id":114,"displayType":0,"effectName":"","flashTimings":[],"name":"","offsetX":0,"offsetY":0,"rotation":{"x":0,"y":0,"z":0},"scale":100,"soundTimings":[],"speed":100},
{"id":115,"displayType":0,"effectName":"","flashTimings":[],"name":"","offsetX":0,"offsetY":0,"rotation":{"x":0,"y":0,"z":0},"scale":100,"soundTimings":[],"speed":100},
{"id":116,"displayType":0,"effectName":"","flashTimings":[],"name":"","offsetX":0,"offsetY":0,"rotation":{"x":0,"y":0,"z":0},"scale":100,"soundTimings":[],"speed":100},
{"id":117,"displayType":0,"effectName":"","flashTimings":[],"name":"","offsetX":0,"offsetY":0,"rotation":{"x":0,"y":0,"z":0},"scale":100,"soundTimings":[],"speed":100},
{"id":118,"displayType":0,"effectName":"","flashTimings":[],"name":"","offsetX":0,"offsetY":0,"rotation":{"x":0,"y":0,"z":0},"scale":100,"soundTimings":[],"speed":100},
{"id":119,"displayType":0,"effectName":"","flashTimings":[],"name":"","offsetX":0,"offsetY":0,"rotation":{"x":0,"y":0,"z":0},"scale":100,"soundTimings":[],"speed":100},
{"id":120,"displayType":0,"effectName":"","flashTimings":[],"name":"","offsetX":0,"offsetY":0,"rotation":{"x":0,"y":0,"z":0},"scale":100,"soundTimings":[],"speed":100},
{"id":121,"displayType":0,"effectName":"","flashTimings":[],"name":"","offsetX":0,"offsetY":0,"rotation":{"x":0,"y":0,"z":0},"scale":100,"soundTimings":[],"speed":100},
{"id":122,"displayType":0,"effectName":"","flashTimings":[],"name":"","offsetX":0,"offsetY":0,"rotation":{"x":0,"y":0,"z":0},"scale":100,"soundTimings":[],"speed":100},
{"id":123,"displayType":0,"effectName":"","flashTimings":[],"name":"","offsetX":0,"offsetY":0,"rotation":{"x":0,"y":0,"z":0},"scale":100,"soundTimings":[],"speed":100},
{"id":124,"displayType":0,"effectName":"","flashTimings":[],"name":"","offsetX":0,"offsetY":0,"rotation":{"x":0,"y":0,"z":0},"scale":100,"soundTimings":[],"speed":100},
{"id":125,"displayType":0,"effectName":"","flashTimings":[],"name":"","offsetX":0,"offsetY":0,"rotation":{"x":0,"y":0,"z":0},"scale":100,"soundTimings":[],"speed":100},
{"id":126,"displayType":0,"effectName":"","flashTimings":[],"name":"","offsetX":0,"offsetY":0,"rotation":{"x":0,"y":0,"z":0},"scale":100,"soundTimings":[],"speed":100},
{"id":127,"displayType":0,"effectName":"","flashTimings":[],"name":"","offsetX":0,"offsetY":0,"rotation":{"x":0,"y":0,"z":0},"scale":100,"soundTimings":[],"speed":100},
{"id":128,"displayType":0,"effectName":"","flashTimings":[],"name":"","offsetX":0,"offsetY":0,"rotation":{"x":0,"y":0,"z":0},"scale":100,"soundTimings":[],"speed":100},
{"id":129,"displayType":0,"effectName":"","flashTimings":[],"name":"","offsetX":0,"offsetY":0,"rotation":{"x":0,"y":0,"z":0},"scale":100,"soundTimings":[],"speed":100},
{"id":130,"displayType":0,"effectName":"","flashTimings":[],"name":"","offsetX":0,"offsetY":0,"rotation":{"x":0,"y":0,"z":0},"scale":100,"soundTimings":[],"speed":100},
{"id":131,"displayType":0,"effectName":"","flashTimings":[],"name":"","offsetX":0,"offsetY":0,"rotation":{"x":0,"y":0,"z":0},"scale":100,"soundTimings":[],"speed":100},
{"id":132,"displayType":0,"effectName":"","flashTimings":[],"name":"","offsetX":0,"offsetY":0,"rotation":{"x":0,"y":0,"z":0},"scale":100,"soundTimings":[],"speed":100},
{"id":133,"displayType":0,"effectName":"","flashTimings":[],"name":"","offsetX":0,"offsetY":0,"rotation":{"x":0,"y":0,"z":0},"scale":100,"soundTimings":[],"speed":100},
{"id":134,"displayType":0,"effectName":"","flashTimings":[],"name":"","offsetX":0,"offsetY":0,"rotation":{"x":0,"y":0,"z":0},"scale":100,"soundTimings":[],"speed":100},
{"id":135,"displayType":0,"effectName":"","flashTimings":[],"name":"","offsetX":0,"offsetY":0,"rotation":{"x":0,"y":0,"z":0},"scale":100,"soundTimings":[],"speed":100},
{"id":136,"displayType":0,"effectName":"","flashTimings":[],"name":"","offsetX":0,"offsetY":0,"rotation":{"x":0,"y":0,"z":0},"scale":100,"soundTimings":[],"speed":100},
{"id":137,"displayType":0,"effectName":"","flashTimings":[],"name":"","offsetX":0,"offsetY":0,"rotation":{"x":0,"y":0,"z":0},"scale":100,"soundTimings":[],"speed":100},
{"id":138,"displayType":0,"effectName":"","flashTimings":[],"name":"","offsetX":0,"offsetY":0,"rotation":{"x":0,"y":0,"z":0},"scale":100,"soundTimings":[],"speed":100},
{"id":139,"displayType":0,"effectName":"","flashTimings":[],"name":"","offsetX":0,"offsetY":0,"rotation":{"x":0,"y":0,"z":0},"scale":100,"soundTimings":[],"speed":100,"timings":[]},
{"id":140,"displayType":0,"effectName":"","flashTimings":[],"name":"","offsetX":0,"offsetY":0,"rotation":{"x":0,"y":0,"z":0},"scale":100,"soundTimings":[],"speed":100,"timings":[]}
]