[
null,
{"id":1,"list":[{"code":108,"indent":0,"parameters":["マップイベントから呼び出す処理。"]},{"code":108,"indent":0,"parameters":["プレイヤーが無敵ONの時は処理しない。"]},{"code":111,"indent":0,"parameters":[0,2,1]},{"code":121,"indent":1,"parameters":[1,1,0]},{"code":117,"indent":1,"parameters":[14]},{"code":121,"indent":1,"parameters":[1,1,1]},{"code":0,"indent":1,"parameters":[]},{"code":412,"indent":0,"parameters":[]},{"code":0,"indent":0,"parameters":[]}],"name":"Action 衝突","switchId":1,"trigger":0},
{"id":2,"list":[{"code":108,"indent":0,"parameters":["プレイヤーと敵イベントの正面衝突処理。"]},{"code":108,"indent":0,"parameters":["接触時にイベントが向き変更するので、"]},{"code":408,"indent":0,"parameters":["プレイヤーからの接触は、"]},{"code":408,"indent":0,"parameters":["正面衝突になってしまう。"]},{"code":408,"indent":0,"parameters":["それを回避するために、KRD_MZ_DirectionFixプラグイン使用。"]},{"code":108,"indent":0,"parameters":["正面衝突すると、両者ともにバックする処理にしている。"]},{"code":205,"indent":0,"parameters":[-1,{"list":[{"code":29,"parameters":[6],"indent":null},{"code":13,"indent":null},{"code":29,"parameters":[4],"indent":null},{"code":0}],"repeat":false,"skippable":true,"wait":false}]},{"code":505,"indent":0,"parameters":[{"code":29,"parameters":[6],"indent":null}]},{"code":505,"indent":0,"parameters":[{"code":13,"indent":null}]},{"code":505,"indent":0,"parameters":[{"code":29,"parameters":[4],"indent":null}]},{"code":205,"indent":0,"parameters":[0,{"list":[{"code":29,"parameters":[6],"indent":null},{"code":13,"indent":null},{"code":29,"parameters":[4],"indent":null},{"code":0}],"repeat":false,"skippable":true,"wait":false}]},{"code":505,"indent":0,"parameters":[{"code":29,"parameters":[6],"indent":null}]},{"code":505,"indent":0,"parameters":[{"code":13,"indent":null}]},{"code":505,"indent":0,"parameters":[{"code":29,"parameters":[4],"indent":null}]},{"code":0,"indent":0,"parameters":[]}],"name":"Action 正面衝突","switchId":1,"trigger":0},
{"id":3,"list":[{"code":108,"indent":0,"parameters":["プレイヤーから敵キャラへの攻撃処理。"]},{"code":357,"indent":0,"parameters":["KRD/action/KRD_MZ_MapEnemy","clearInput","入力クリア",{}]},{"code":122,"indent":0,"parameters":[1,1,0,0,1]},{"code":122,"indent":0,"parameters":[6,6,0,4,"this.eventId()"]},{"code":357,"indent":0,"parameters":["KRD/action/KRD_MZ_MapEnemy","mapDamageEnemy","Enemyダメージ発生",{"varEventId":"6","varSkillId":"1"}]},{"code":657,"indent":0,"parameters":["イベントID変数 = 6"]},{"code":657,"indent":0,"parameters":["スキルID変数 = 1"]},{"code":357,"indent":0,"parameters":["KRD/action/KRD_MZ_MapEnemy","mapPopupTroop","Enemyダメージポップアップ",{}]},{"code":357,"indent":0,"parameters":["KRD/action/KRD_MZ_MapEnemy","isDeadTroop","敵キャラKOチェック",{"swResult":"3"}]},{"code":657,"indent":0,"parameters":["結果スイッチ = 3"]},{"code":111,"indent":0,"parameters":[0,3,0]},{"code":117,"indent":1,"parameters":[11]},{"code":357,"indent":1,"parameters":["KRD/action/KRD_MZ_MapEnemy","processTroopCollapse","敵キャラ撃破時報酬獲得",{}]},{"code":355,"indent":1,"parameters":["$gameTemp._deadList = null;"]},{"code":0,"indent":1,"parameters":[]},{"code":411,"indent":0,"parameters":[]},{"code":117,"indent":1,"parameters":[8]},{"code":0,"indent":1,"parameters":[]},{"code":412,"indent":0,"parameters":[]},{"code":0,"indent":0,"parameters":[]}],"name":"Action 攻撃","switchId":1,"trigger":0},
{"id":4,"list":[{"code":108,"indent":0,"parameters":["プレイヤーが敵キャラから攻撃される処理。"]},{"code":122,"indent":0,"parameters":[1,1,0,0,1]},{"code":122,"indent":0,"parameters":[6,6,0,4,"this.eventId()"]},{"code":357,"indent":0,"parameters":["KRD/action/KRD_MZ_MapEnemy","mapDamagePlayer","Playerダメージ発生",{"varEventId":"6","varSkillId":"1"}]},{"code":657,"indent":0,"parameters":["イベントID変数 = 6"]},{"code":657,"indent":0,"parameters":["スキルID変数 = 1"]},{"code":357,"indent":0,"parameters":["KRD/action/KRD_MZ_MapEnemy","mapPopupPlayer","Playerダメージポップアップ",{}]},{"code":117,"indent":0,"parameters":[9]},{"code":123,"indent":0,"parameters":["A",0]},{"code":0,"indent":0,"parameters":[]}],"name":"Action 被ダメージ","switchId":1,"trigger":0},
{"id":5,"list":[{"code":108,"indent":0,"parameters":["プレイヤーがジャンプ等で移動不可マスに入った時に、"]},{"code":408,"indent":0,"parameters":["RegionBaseプラグインから呼び出す処理。"]},{"code":201,"indent":0,"parameters":[0,2,8,6,2,1]},{"code":0,"indent":0,"parameters":[]}],"name":"Action 移動不可マス","switchId":1,"trigger":0},
{"id":6,"list":[{"code":108,"indent":0,"parameters":["プレイヤーから敵キャラへの攻撃を必ずクリティカルにする。"]},{"code":357,"indent":0,"parameters":["KRD/action/KRD_MZ_MapEnemy","forceCritical","強制クリティカル",{}]},{"code":117,"indent":0,"parameters":[3]},{"code":0,"indent":0,"parameters":[]}],"name":"Action 必殺","switchId":1,"trigger":0},
{"id":7,"list":[{"code":108,"indent":0,"parameters":["敵キャラからプレイヤーへの攻撃を必ずクリティカルにする。"]},{"code":357,"indent":0,"parameters":["KRD/action/KRD_MZ_MapEnemy","forceCritical","強制クリティカル",{}]},{"code":117,"indent":0,"parameters":[4]},{"code":0,"indent":0,"parameters":[]}],"name":"Action 不意打ち","switchId":1,"trigger":0},
{"id":8,"list":[{"code":108,"indent":0,"parameters":["攻撃と組合せてノックバックさせる処理。"]},{"code":111,"indent":0,"parameters":[6,-1,2]},{"code":205,"indent":1,"parameters":[0,{"list":[{"code":29,"parameters":[6],"indent":null},{"code":1,"indent":null},{"code":19,"indent":null},{"code":29,"parameters":[4],"indent":null},{"code":0}],"repeat":false,"skippable":true,"wait":false}]},{"code":505,"indent":1,"parameters":[{"code":29,"parameters":[6],"indent":null}]},{"code":505,"indent":1,"parameters":[{"code":1,"indent":null}]},{"code":505,"indent":1,"parameters":[{"code":19,"indent":null}]},{"code":505,"indent":1,"parameters":[{"code":29,"parameters":[4],"indent":null}]},{"code":0,"indent":1,"parameters":[]},{"code":412,"indent":0,"parameters":[]},{"code":111,"indent":0,"parameters":[6,-1,4]},{"code":205,"indent":1,"parameters":[0,{"list":[{"code":29,"parameters":[6],"indent":null},{"code":2,"indent":null},{"code":18,"indent":null},{"code":29,"parameters":[4],"indent":null},{"code":0}],"repeat":false,"skippable":true,"wait":false}]},{"code":505,"indent":1,"parameters":[{"code":29,"parameters":[6],"indent":null}]},{"code":505,"indent":1,"parameters":[{"code":2,"indent":null}]},{"code":505,"indent":1,"parameters":[{"code":18,"indent":null}]},{"code":505,"indent":1,"parameters":[{"code":29,"parameters":[4],"indent":null}]},{"code":0,"indent":1,"parameters":[]},{"code":412,"indent":0,"parameters":[]},{"code":111,"indent":0,"parameters":[6,-1,6]},{"code":205,"indent":1,"parameters":[0,{"list":[{"code":29,"parameters":[6],"indent":null},{"code":3,"indent":null},{"code":17,"indent":null},{"code":29,"parameters":[4],"indent":null},{"code":0}],"repeat":false,"skippable":true,"wait":false}]},{"code":505,"indent":1,"parameters":[{"code":29,"parameters":[6],"indent":null}]},{"code":505,"indent":1,"parameters":[{"code":3,"indent":null}]},{"code":505,"indent":1,"parameters":[{"code":17,"indent":null}]},{"code":505,"indent":1,"parameters":[{"code":29,"parameters":[4],"indent":null}]},{"code":0,"indent":1,"parameters":[]},{"code":412,"indent":0,"parameters":[]},{"code":111,"indent":0,"parameters":[6,-1,8]},{"code":205,"indent":1,"parameters":[0,{"list":[{"code":29,"parameters":[6],"indent":null},{"code":4,"indent":null},{"code":16,"indent":null},{"code":29,"parameters":[4],"indent":null},{"code":0}],"repeat":false,"skippable":true,"wait":false}]},{"code":505,"indent":1,"parameters":[{"code":29,"parameters":[6],"indent":null}]},{"code":505,"indent":1,"parameters":[{"code":4,"indent":null}]},{"code":505,"indent":1,"parameters":[{"code":16,"indent":null}]},{"code":505,"indent":1,"parameters":[{"code":29,"parameters":[4],"indent":null}]},{"code":0,"indent":1,"parameters":[]},{"code":412,"indent":0,"parameters":[]},{"code":0,"indent":0,"parameters":[]}],"name":"Action 敵ノックバック","switchId":1,"trigger":0},
{"id":9,"list":[{"code":108,"indent":0,"parameters":["攻撃と組合せてノックバックさせる処理。"]},{"code":111,"indent":0,"parameters":[6,0,2]},{"code":205,"indent":1,"parameters":[-1,{"list":[{"code":29,"parameters":[6],"indent":null},{"code":1,"indent":null},{"code":19,"indent":null},{"code":29,"parameters":[4],"indent":null},{"code":0}],"repeat":false,"skippable":true,"wait":false}]},{"code":505,"indent":1,"parameters":[{"code":29,"parameters":[6],"indent":null}]},{"code":505,"indent":1,"parameters":[{"code":1,"indent":null}]},{"code":505,"indent":1,"parameters":[{"code":19,"indent":null}]},{"code":505,"indent":1,"parameters":[{"code":29,"parameters":[4],"indent":null}]},{"code":0,"indent":1,"parameters":[]},{"code":412,"indent":0,"parameters":[]},{"code":111,"indent":0,"parameters":[6,0,4]},{"code":205,"indent":1,"parameters":[-1,{"list":[{"code":29,"parameters":[6],"indent":null},{"code":2,"indent":null},{"code":18,"indent":null},{"code":29,"parameters":[4],"indent":null},{"code":0}],"repeat":false,"skippable":true,"wait":false}]},{"code":505,"indent":1,"parameters":[{"code":29,"parameters":[6],"indent":null}]},{"code":505,"indent":1,"parameters":[{"code":2,"indent":null}]},{"code":505,"indent":1,"parameters":[{"code":18,"indent":null}]},{"code":505,"indent":1,"parameters":[{"code":29,"parameters":[4],"indent":null}]},{"code":0,"indent":1,"parameters":[]},{"code":412,"indent":0,"parameters":[]},{"code":111,"indent":0,"parameters":[6,0,6]},{"code":205,"indent":1,"parameters":[-1,{"list":[{"code":29,"parameters":[6],"indent":null},{"code":3,"indent":null},{"code":17,"indent":null},{"code":29,"parameters":[4],"indent":null},{"code":0}],"repeat":false,"skippable":true,"wait":false}]},{"code":505,"indent":1,"parameters":[{"code":29,"parameters":[6],"indent":null}]},{"code":505,"indent":1,"parameters":[{"code":3,"indent":null}]},{"code":505,"indent":1,"parameters":[{"code":17,"indent":null}]},{"code":505,"indent":1,"parameters":[{"code":29,"parameters":[4],"indent":null}]},{"code":0,"indent":1,"parameters":[]},{"code":412,"indent":0,"parameters":[]},{"code":111,"indent":0,"parameters":[6,0,8]},{"code":205,"indent":1,"parameters":[-1,{"list":[{"code":29,"parameters":[6],"indent":null},{"code":4,"indent":null},{"code":16,"indent":null},{"code":29,"parameters":[4],"indent":null},{"code":0}],"repeat":false,"skippable":true,"wait":false}]},{"code":505,"indent":1,"parameters":[{"code":29,"parameters":[6],"indent":null}]},{"code":505,"indent":1,"parameters":[{"code":4,"indent":null}]},{"code":505,"indent":1,"parameters":[{"code":16,"indent":null}]},{"code":505,"indent":1,"parameters":[{"code":29,"parameters":[4],"indent":null}]},{"code":0,"indent":1,"parameters":[]},{"code":412,"indent":0,"parameters":[]},{"code":0,"indent":0,"parameters":[]}],"name":"Action PLノックバック","switchId":1,"trigger":0},
{"id":10,"list":[{"code":108,"indent":0,"parameters":["スキルを使用して敵全体にダメージを与える処理。"]},{"code":121,"indent":0,"parameters":[1,1,0]},{"code":122,"indent":0,"parameters":[1,1,0,3,8,0,0]},{"code":357,"indent":0,"parameters":["KRD/action/KRD_MZ_MapEnemy","mapDamageTroop","Troopダメージ発生",{"varSkillId":"1"}]},{"code":657,"indent":0,"parameters":["スキルID変数 = 1"]},{"code":357,"indent":0,"parameters":["KRD/action/KRD_MZ_MapEnemy","mapPopupTroop","Enemyダメージポップアップ",{}]},{"code":357,"indent":0,"parameters":["KRD/action/KRD_MZ_MapEnemy","isDeadTroop","敵キャラKOチェック",{"swResult":"3"}]},{"code":657,"indent":0,"parameters":["結果スイッチ = 3"]},{"code":111,"indent":0,"parameters":[0,3,0]},{"code":117,"indent":1,"parameters":[11]},{"code":0,"indent":1,"parameters":[]},{"code":412,"indent":0,"parameters":[]},{"code":121,"indent":0,"parameters":[1,1,1]},{"code":0,"indent":0,"parameters":[]}],"name":"Action 全体攻撃","switchId":1,"trigger":0},
{"id":11,"list":[{"code":108,"indent":0,"parameters":["敵を倒した時にイベントを消去する処理。"]},{"code":230,"indent":0,"parameters":[30]},{"code":357,"indent":0,"parameters":["KRD/action/KRD_MZ_MapEnemy","eraseAllDeadEvent","KO敵キャラ消去",{}]},{"code":0,"indent":0,"parameters":[]}],"name":"Action イベント消去","switchId":15,"trigger":0},
{"id":12,"list":[{"code":108,"indent":0,"parameters":["スイッチONの時、プレイヤーを半透明にする処理。"]},{"code":408,"indent":0,"parameters":["このスイッチONの判定は「衝突」側に書いている。"]},{"code":205,"indent":0,"parameters":[-1,{"list":[{"code":42,"parameters":[128],"indent":null},{"code":29,"parameters":[4],"indent":null},{"code":0}],"repeat":false,"skippable":false,"wait":false}]},{"code":505,"indent":0,"parameters":[{"code":42,"parameters":[128],"indent":null}]},{"code":505,"indent":0,"parameters":[{"code":29,"parameters":[4],"indent":null}]},{"code":230,"indent":0,"parameters":[180]},{"code":205,"indent":0,"parameters":[-1,{"list":[{"code":42,"parameters":[255],"indent":null},{"code":29,"parameters":[4],"indent":null},{"code":0}],"repeat":false,"skippable":false,"wait":false}]},{"code":505,"indent":0,"parameters":[{"code":42,"parameters":[255],"indent":null}]},{"code":505,"indent":0,"parameters":[{"code":29,"parameters":[4],"indent":null}]},{"code":121,"indent":0,"parameters":[2,2,1]},{"code":0,"indent":0,"parameters":[]}],"name":"Action 無敵","switchId":2,"trigger":2},
{"id":13,"list":[{"code":108,"indent":0,"parameters":["プレイヤーとこのイベントの位置をチェックします。"]},{"code":122,"indent":0,"parameters":[2,2,0,3,5,-1,0]},{"code":122,"indent":0,"parameters":[3,3,0,3,5,-1,1]},{"code":122,"indent":0,"parameters":[4,4,0,3,5,0,0]},{"code":122,"indent":0,"parameters":[5,5,0,3,5,0,1]},{"code":108,"indent":0,"parameters":["プレイヤーとこのイベントの向きによって衝突判定"]},{"code":108,"indent":0,"parameters":["プレイヤーが下を向いている"]},{"code":111,"indent":0,"parameters":[6,-1,2]},{"code":111,"indent":1,"parameters":[6,0,2]},{"code":111,"indent":2,"parameters":[1,3,1,5,4]},{"code":117,"indent":3,"parameters":[6]},{"code":0,"indent":3,"parameters":[]},{"code":411,"indent":2,"parameters":[]},{"code":117,"indent":3,"parameters":[7]},{"code":0,"indent":3,"parameters":[]},{"code":412,"indent":2,"parameters":[]},{"code":0,"indent":2,"parameters":[]},{"code":412,"indent":1,"parameters":[]},{"code":111,"indent":1,"parameters":[6,0,4]},{"code":111,"indent":2,"parameters":[1,3,1,5,4]},{"code":117,"indent":3,"parameters":[3]},{"code":0,"indent":3,"parameters":[]},{"code":411,"indent":2,"parameters":[]},{"code":117,"indent":3,"parameters":[4]},{"code":0,"indent":3,"parameters":[]},{"code":412,"indent":2,"parameters":[]},{"code":0,"indent":2,"parameters":[]},{"code":412,"indent":1,"parameters":[]},{"code":111,"indent":1,"parameters":[6,0,6]},{"code":111,"indent":2,"parameters":[1,3,1,5,4]},{"code":117,"indent":3,"parameters":[3]},{"code":0,"indent":3,"parameters":[]},{"code":411,"indent":2,"parameters":[]},{"code":117,"indent":3,"parameters":[4]},{"code":0,"indent":3,"parameters":[]},{"code":412,"indent":2,"parameters":[]},{"code":0,"indent":2,"parameters":[]},{"code":412,"indent":1,"parameters":[]},{"code":111,"indent":1,"parameters":[6,0,8]},{"code":117,"indent":2,"parameters":[2]},{"code":0,"indent":2,"parameters":[]},{"code":412,"indent":1,"parameters":[]},{"code":0,"indent":1,"parameters":[]},{"code":412,"indent":0,"parameters":[]},{"code":108,"indent":0,"parameters":["プレイヤーが左を向いている"]},{"code":111,"indent":0,"parameters":[6,-1,4]},{"code":111,"indent":1,"parameters":[6,0,2]},{"code":111,"indent":2,"parameters":[1,2,1,4,3]},{"code":117,"indent":3,"parameters":[3]},{"code":0,"indent":3,"parameters":[]},{"code":411,"indent":2,"parameters":[]},{"code":117,"indent":3,"parameters":[4]},{"code":0,"indent":3,"parameters":[]},{"code":412,"indent":2,"parameters":[]},{"code":0,"indent":2,"parameters":[]},{"code":412,"indent":1,"parameters":[]},{"code":111,"indent":1,"parameters":[6,0,4]},{"code":111,"indent":2,"parameters":[1,2,1,4,3]},{"code":117,"indent":3,"parameters":[6]},{"code":0,"indent":3,"parameters":[]},{"code":411,"indent":2,"parameters":[]},{"code":117,"indent":3,"parameters":[7]},{"code":0,"indent":3,"parameters":[]},{"code":412,"indent":2,"parameters":[]},{"code":0,"indent":2,"parameters":[]},{"code":412,"indent":1,"parameters":[]},{"code":111,"indent":1,"parameters":[6,0,6]},{"code":117,"indent":2,"parameters":[2]},{"code":0,"indent":2,"parameters":[]},{"code":412,"indent":1,"parameters":[]},{"code":111,"indent":1,"parameters":[6,0,8]},{"code":111,"indent":2,"parameters":[1,2,1,4,3]},{"code":117,"indent":3,"parameters":[3]},{"code":0,"indent":3,"parameters":[]},{"code":411,"indent":2,"parameters":[]},{"code":117,"indent":3,"parameters":[4]},{"code":0,"indent":3,"parameters":[]},{"code":412,"indent":2,"parameters":[]},{"code":0,"indent":2,"parameters":[]},{"code":412,"indent":1,"parameters":[]},{"code":0,"indent":1,"parameters":[]},{"code":412,"indent":0,"parameters":[]},{"code":108,"indent":0,"parameters":["プレイヤーが右を向いている"]},{"code":111,"indent":0,"parameters":[6,-1,6]},{"code":111,"indent":1,"parameters":[6,0,2]},{"code":111,"indent":2,"parameters":[1,2,1,4,4]},{"code":117,"indent":3,"parameters":[3]},{"code":0,"indent":3,"parameters":[]},{"code":411,"indent":2,"parameters":[]},{"code":117,"indent":3,"parameters":[4]},{"code":0,"indent":3,"parameters":[]},{"code":412,"indent":2,"parameters":[]},{"code":0,"indent":2,"parameters":[]},{"code":412,"indent":1,"parameters":[]},{"code":111,"indent":1,"parameters":[6,0,4]},{"code":117,"indent":2,"parameters":[2]},{"code":0,"indent":2,"parameters":[]},{"code":412,"indent":1,"parameters":[]},{"code":111,"indent":1,"parameters":[6,0,6]},{"code":111,"indent":2,"parameters":[1,2,1,4,4]},{"code":117,"indent":3,"parameters":[6]},{"code":0,"indent":3,"parameters":[]},{"code":411,"indent":2,"parameters":[]},{"code":117,"indent":3,"parameters":[7]},{"code":0,"indent":3,"parameters":[]},{"code":412,"indent":2,"parameters":[]},{"code":0,"indent":2,"parameters":[]},{"code":412,"indent":1,"parameters":[]},{"code":111,"indent":1,"parameters":[6,0,8]},{"code":111,"indent":2,"parameters":[1,2,1,4,4]},{"code":117,"indent":3,"parameters":[3]},{"code":0,"indent":3,"parameters":[]},{"code":411,"indent":2,"parameters":[]},{"code":117,"indent":3,"parameters":[4]},{"code":0,"indent":3,"parameters":[]},{"code":412,"indent":2,"parameters":[]},{"code":0,"indent":2,"parameters":[]},{"code":412,"indent":1,"parameters":[]},{"code":0,"indent":1,"parameters":[]},{"code":412,"indent":0,"parameters":[]},{"code":108,"indent":0,"parameters":["プレイヤーが上を向いている"]},{"code":111,"indent":0,"parameters":[6,-1,8]},{"code":111,"indent":1,"parameters":[6,0,2]},{"code":117,"indent":2,"parameters":[2]},{"code":0,"indent":2,"parameters":[]},{"code":412,"indent":1,"parameters":[]},{"code":111,"indent":1,"parameters":[6,0,4]},{"code":111,"indent":2,"parameters":[1,3,1,5,3]},{"code":117,"indent":3,"parameters":[3]},{"code":0,"indent":3,"parameters":[]},{"code":411,"indent":2,"parameters":[]},{"code":117,"indent":3,"parameters":[4]},{"code":0,"indent":3,"parameters":[]},{"code":412,"indent":2,"parameters":[]},{"code":0,"indent":2,"parameters":[]},{"code":412,"indent":1,"parameters":[]},{"code":111,"indent":1,"parameters":[6,0,6]},{"code":111,"indent":2,"parameters":[1,3,1,5,3]},{"code":117,"indent":3,"parameters":[3]},{"code":0,"indent":3,"parameters":[]},{"code":411,"indent":2,"parameters":[]},{"code":117,"indent":3,"parameters":[4]},{"code":0,"indent":3,"parameters":[]},{"code":412,"indent":2,"parameters":[]},{"code":0,"indent":2,"parameters":[]},{"code":412,"indent":1,"parameters":[]},{"code":111,"indent":1,"parameters":[6,0,8]},{"code":111,"indent":2,"parameters":[1,3,1,5,3]},{"code":117,"indent":3,"parameters":[6]},{"code":0,"indent":3,"parameters":[]},{"code":411,"indent":2,"parameters":[]},{"code":117,"indent":3,"parameters":[7]},{"code":0,"indent":3,"parameters":[]},{"code":412,"indent":2,"parameters":[]},{"code":0,"indent":2,"parameters":[]},{"code":412,"indent":1,"parameters":[]},{"code":0,"indent":1,"parameters":[]},{"code":412,"indent":0,"parameters":[]},{"code":0,"indent":0,"parameters":[]}],"name":"Action 位置チェック","switchId":1,"trigger":0},
{"id":14,"list":[{"code":108,"indent":0,"parameters":["プレイヤーとこのイベントの位置をチェックします。"]},{"code":108,"indent":0,"parameters":["200 : 正面衝突"]},{"code":408,"indent":0,"parameters":["400 : プレイヤーから敵イベントの左右に衝突"]},{"code":408,"indent":0,"parameters":["800 : プレイヤーから敵イベントの背後に衝突"]},{"code":108,"indent":0,"parameters":["-200 : 敵イベントからプレイヤーの背後に衝突"]},{"code":408,"indent":0,"parameters":["-400 : 敵イベントからプレイヤーの左右に衝突"]},{"code":408,"indent":0,"parameters":["-800 : 正面衝突"]},{"code":357,"indent":0,"parameters":["KRD/action/KRD_MZ_MapEnemy","checkCollision","衝突チェック",{"varResult":"7"}]},{"code":657,"indent":0,"parameters":["結果変数 = 7"]},{"code":111,"indent":0,"parameters":[1,7,0,200,0]},{"code":117,"indent":1,"parameters":[2]},{"code":0,"indent":1,"parameters":[]},{"code":412,"indent":0,"parameters":[]},{"code":111,"indent":0,"parameters":[1,7,0,400,0]},{"code":117,"indent":1,"parameters":[3]},{"code":0,"indent":1,"parameters":[]},{"code":412,"indent":0,"parameters":[]},{"code":111,"indent":0,"parameters":[1,7,0,800,0]},{"code":117,"indent":1,"parameters":[6]},{"code":0,"indent":1,"parameters":[]},{"code":412,"indent":0,"parameters":[]},{"code":111,"indent":0,"parameters":[1,7,0,-200,0]},{"code":117,"indent":1,"parameters":[7]},{"code":0,"indent":1,"parameters":[]},{"code":412,"indent":0,"parameters":[]},{"code":111,"indent":0,"parameters":[1,7,0,-400,0]},{"code":117,"indent":1,"parameters":[4]},{"code":0,"indent":1,"parameters":[]},{"code":412,"indent":0,"parameters":[]},{"code":111,"indent":0,"parameters":[1,7,0,-800,0]},{"code":117,"indent":1,"parameters":[2]},{"code":0,"indent":1,"parameters":[]},{"code":412,"indent":0,"parameters":[]},{"code":0,"indent":0,"parameters":[]}],"name":"Action 位置チェック改","switchId":1,"trigger":0},
{"id":15,"list":[{"code":108,"indent":0,"parameters":["アイテムを使用して敵全体にダメージを与える処理。"]},{"code":121,"indent":0,"parameters":[1,1,0]},{"code":122,"indent":0,"parameters":[1,1,0,3,8,1,0]},{"code":357,"indent":0,"parameters":["KRD/action/KRD_MZ_MapEnemy","itemMapDamageTroop","Troopダメージ発生item",{"varSkillId":"1"}]},{"code":657,"indent":0,"parameters":["スキルID変数 = 1"]},{"code":357,"indent":0,"parameters":["KRD/action/KRD_MZ_MapEnemy","mapPopupTroop","Enemyダメージポップアップ",{}]},{"code":357,"indent":0,"parameters":["KRD/action/KRD_MZ_MapEnemy","isDeadTroop","敵キャラKOチェック",{"swResult":"3"}]},{"code":657,"indent":0,"parameters":["結果スイッチ = 3"]},{"code":111,"indent":0,"parameters":[0,3,0]},{"code":117,"indent":1,"parameters":[11]},{"code":0,"indent":1,"parameters":[]},{"code":412,"indent":0,"parameters":[]},{"code":121,"indent":0,"parameters":[1,1,1]},{"code":0,"indent":0,"parameters":[]}],"name":"Action 全体攻撃item","switchId":1,"trigger":0},
{"id":16,"list":[{"code":0,"indent":0,"parameters":[]}],"name":"","switchId":1,"trigger":0},
{"id":17,"list":[{"code":108,"indent":0,"parameters":["発射装置から呼び出す処理。"]},{"code":408,"indent":0,"parameters":["発射装置の位置に玉を移動させ、玉のセルフスイッチONにする。"]},{"code":111,"indent":0,"parameters":[6,-1,8]},{"code":108,"indent":1,"parameters":["玉のセルフスイッチがOFFの時に処理する。"]},{"code":111,"indent":1,"parameters":[12,"!$gameSelfSwitches.value([$gameMap.mapId(), this.ballEventId(this.eventId()), \"D\"])"]},{"code":108,"indent":2,"parameters":["発射装置と玉のイベントIDを対応させて、"]},{"code":408,"indent":2,"parameters":["発射装置の位置に玉を移動させて、"]},{"code":408,"indent":2,"parameters":["玉をプレイヤーの逆に向かせ、"]},{"code":408,"indent":2,"parameters":["玉のセルフスイッチをONにする。"]},{"code":355,"indent":2,"parameters":["const ballId = this.ballEventId(this.eventId());"]},{"code":655,"indent":2,"parameters":["const launch = this.character(this.eventId());"]},{"code":655,"indent":2,"parameters":["$gameTemp.setEventLocation(ballId, launch.x, launch.y);"]},{"code":655,"indent":2,"parameters":["$gameTemp.turnAwayFromPlayer(ballId);"]},{"code":655,"indent":2,"parameters":["$gameTemp.setSelfSwitch($gameMap.mapId(), ballId, \"D\", true);"]},{"code":230,"indent":2,"parameters":[20]},{"code":0,"indent":2,"parameters":[]},{"code":412,"indent":1,"parameters":[]},{"code":0,"indent":1,"parameters":[]},{"code":412,"indent":0,"parameters":[]},{"code":0,"indent":0,"parameters":[]}],"name":"玉 移動開始","switchId":1,"trigger":0},
{"id":18,"list":[{"code":108,"indent":0,"parameters":["玉が移動する処理。"]},{"code":408,"indent":0,"parameters":["マップイベント側で並列処理にする。"]},{"code":111,"indent":0,"parameters":[2,"D",0]},{"code":108,"indent":1,"parameters":["玉の移動マス数チェック。"]},{"code":408,"indent":1,"parameters":["ここでは、8マス。"]},{"code":111,"indent":1,"parameters":[12,"this.checkOverStep(8)"]},{"code":108,"indent":2,"parameters":["8マス移動したらセルフスイッチOFFにして玉を消す。"]},{"code":408,"indent":2,"parameters":["非表示にしてるだけ。"]},{"code":355,"indent":2,"parameters":["$gameTemp.setSelfSwitch($gameMap.mapId(), this.eventId(), \"D\", false);"]},{"code":0,"indent":2,"parameters":[]},{"code":411,"indent":1,"parameters":[]},{"code":108,"indent":2,"parameters":["どれかの敵イベントとの衝突チェックする。"]},{"code":108,"indent":2,"parameters":["チェック処理内で、"]},{"code":408,"indent":2,"parameters":["スキルアニメーション表示、"]},{"code":408,"indent":2,"parameters":["スキルによるダメージ発生、"]},{"code":408,"indent":2,"parameters":["ダメージポップアップを行う。"]},{"code":108,"indent":2,"parameters":["anyCollision には、"]},{"code":408,"indent":2,"parameters":["スキルIDの1（攻撃）を指定している。"]},{"code":111,"indent":2,"parameters":[12,"this.anyCollision(1)"]},{"code":108,"indent":3,"parameters":["どれかの敵イベントと衝突していた場合の処理。"]},{"code":111,"indent":3,"parameters":[12,"$gameTemp.isDeadTroop()"]},{"code":108,"indent":4,"parameters":["敵イベントを倒した場合の処理。"]},{"code":230,"indent":4,"parameters":[30]},{"code":357,"indent":4,"parameters":["KRD/action/KRD_MZ_MapEnemy","eraseAllDeadEvent","KO敵キャラ消去",{}]},{"code":357,"indent":4,"parameters":["KRD/action/KRD_MZ_MapEnemy","processTroopCollapse","敵キャラ撃破時報酬獲得",{}]},{"code":355,"indent":4,"parameters":["$gameTemp._deadList = null;"]},{"code":0,"indent":4,"parameters":[]},{"code":412,"indent":3,"parameters":[]},{"code":108,"indent":3,"parameters":["衝突したら玉はセルフスイッチOFFにして玉を消す。"]},{"code":408,"indent":3,"parameters":["非表示にしてるだけ。"]},{"code":355,"indent":3,"parameters":["$gameTemp.setSelfSwitch($gameMap.mapId(), this.eventId(), \"D\", false);"]},{"code":0,"indent":3,"parameters":[]},{"code":412,"indent":2,"parameters":[]},{"code":0,"indent":2,"parameters":[]},{"code":412,"indent":1,"parameters":[]},{"code":108,"indent":1,"parameters":["玉を1歩前進させる。"]},{"code":355,"indent":1,"parameters":["this.moveForward(this.eventId(), true);"]},{"code":230,"indent":1,"parameters":[30]},{"code":0,"indent":1,"parameters":[]},{"code":412,"indent":0,"parameters":[]},{"code":0,"indent":0,"parameters":[]}],"name":"玉 移動と衝突","switchId":35,"trigger":0},
{"id":19,"list":[{"code":0,"indent":0,"parameters":[]}],"name":"","switchId":1,"trigger":0},
{"id":20,"list":[{"code":0,"indent":0,"parameters":[]}],"name":"","switchId":1,"trigger":0}
]