[
null,
{"id":1,"list":[{"code":111,"indent":0,"parameters":[0,2,1]},{"code":121,"indent":1,"parameters":[1,1,0]},{"code":117,"indent":1,"parameters":[14]},{"code":121,"indent":1,"parameters":[1,1,1]},{"code":0,"indent":1,"parameters":[]},{"code":412,"indent":0,"parameters":[]},{"code":0,"indent":0,"parameters":[]}],"name":"Action 衝突の前後処理","switchId":1,"trigger":0},
{"id":2,"list":[{"code":108,"indent":0,"parameters":["接触時にイベントが向き変更するので、"]},{"code":408,"indent":0,"parameters":["プレイヤーからの接触は、"]},{"code":408,"indent":0,"parameters":["正面衝突になってしまう。"]},{"code":408,"indent":0,"parameters":["なので、自作プラグイン使用。"]},{"code":205,"indent":0,"parameters":[-1,{"list":[{"code":29,"parameters":[6],"indent":null},{"code":13,"indent":null},{"code":29,"parameters":[4],"indent":null},{"code":0}],"repeat":false,"skippable":true,"wait":false}]},{"code":505,"indent":0,"parameters":[{"code":29,"parameters":[6],"indent":null}]},{"code":505,"indent":0,"parameters":[{"code":13,"indent":null}]},{"code":505,"indent":0,"parameters":[{"code":29,"parameters":[4],"indent":null}]},{"code":205,"indent":0,"parameters":[0,{"list":[{"code":29,"parameters":[6],"indent":null},{"code":13,"indent":null},{"code":29,"parameters":[4],"indent":null},{"code":0}],"repeat":false,"skippable":true,"wait":false}]},{"code":505,"indent":0,"parameters":[{"code":29,"parameters":[6],"indent":null}]},{"code":505,"indent":0,"parameters":[{"code":13,"indent":null}]},{"code":505,"indent":0,"parameters":[{"code":29,"parameters":[4],"indent":null}]},{"code":0,"indent":0,"parameters":[]}],"name":"Action 正面衝突","switchId":1,"trigger":0},
{"id":3,"list":[{"code":355,"indent":0,"parameters":["Input.clear();"]},{"code":355,"indent":0,"parameters":["$gameTemp.mapDamageEnemy(this.eventId(), 1);"]},{"code":655,"indent":0,"parameters":["$gameTemp.mapPopupEnemy(this.eventId());"]},{"code":111,"indent":0,"parameters":[12,"$gameTemp.isDeadTroop()"]},{"code":117,"indent":1,"parameters":[11]},{"code":0,"indent":1,"parameters":[]},{"code":411,"indent":0,"parameters":[]},{"code":117,"indent":1,"parameters":[8]},{"code":0,"indent":1,"parameters":[]},{"code":412,"indent":0,"parameters":[]},{"code":0,"indent":0,"parameters":[]}],"name":"Action 攻撃","switchId":1,"trigger":0},
{"id":4,"list":[{"code":355,"indent":0,"parameters":["$gameTemp.mapDamagePlayer(this.eventId(), 1);"]},{"code":655,"indent":0,"parameters":["$gameTemp.mapPopupPlayer();"]},{"code":117,"indent":0,"parameters":[9]},{"code":123,"indent":0,"parameters":["A",0]},{"code":0,"indent":0,"parameters":[]}],"name":"Action 被ダメージ","switchId":1,"trigger":0},
{"id":5,"list":[{"code":201,"indent":0,"parameters":[0,2,8,6,2,1]},{"code":0,"indent":0,"parameters":[]}],"name":"Action 移動不可マス","switchId":1,"trigger":0},
{"id":6,"list":[{"code":355,"indent":0,"parameters":["$gameTemp._critical = true;"]},{"code":117,"indent":0,"parameters":[3]},{"code":0,"indent":0,"parameters":[]}],"name":"Action 必殺","switchId":1,"trigger":0},
{"id":7,"list":[{"code":355,"indent":0,"parameters":["$gameTemp._critical = true;"]},{"code":117,"indent":0,"parameters":[4]},{"code":0,"indent":0,"parameters":[]}],"name":"Action 不意打ち","switchId":1,"trigger":0},
{"id":8,"list":[{"code":111,"indent":0,"parameters":[6,-1,2]},{"code":205,"indent":1,"parameters":[0,{"list":[{"code":29,"parameters":[6],"indent":null},{"code":1,"indent":null},{"code":19,"indent":null},{"code":29,"parameters":[4],"indent":null},{"code":0}],"repeat":false,"skippable":true,"wait":false}]},{"code":505,"indent":1,"parameters":[{"code":29,"parameters":[6],"indent":null}]},{"code":505,"indent":1,"parameters":[{"code":1,"indent":null}]},{"code":505,"indent":1,"parameters":[{"code":19,"indent":null}]},{"code":505,"indent":1,"parameters":[{"code":29,"parameters":[4],"indent":null}]},{"code":0,"indent":1,"parameters":[]},{"code":412,"indent":0,"parameters":[]},{"code":111,"indent":0,"parameters":[6,-1,4]},{"code":205,"indent":1,"parameters":[0,{"list":[{"code":29,"parameters":[6],"indent":null},{"code":2,"indent":null},{"code":18,"indent":null},{"code":29,"parameters":[4],"indent":null},{"code":0}],"repeat":false,"skippable":true,"wait":false}]},{"code":505,"indent":1,"parameters":[{"code":29,"parameters":[6],"indent":null}]},{"code":505,"indent":1,"parameters":[{"code":2,"indent":null}]},{"code":505,"indent":1,"parameters":[{"code":18,"indent":null}]},{"code":505,"indent":1,"parameters":[{"code":29,"parameters":[4],"indent":null}]},{"code":0,"indent":1,"parameters":[]},{"code":412,"indent":0,"parameters":[]},{"code":111,"indent":0,"parameters":[6,-1,6]},{"code":205,"indent":1,"parameters":[0,{"list":[{"code":29,"parameters":[6],"indent":null},{"code":3,"indent":null},{"code":17,"indent":null},{"code":29,"parameters":[4],"indent":null},{"code":0}],"repeat":false,"skippable":true,"wait":false}]},{"code":505,"indent":1,"parameters":[{"code":29,"parameters":[6],"indent":null}]},{"code":505,"indent":1,"parameters":[{"code":3,"indent":null}]},{"code":505,"indent":1,"parameters":[{"code":17,"indent":null}]},{"code":505,"indent":1,"parameters":[{"code":29,"parameters":[4],"indent":null}]},{"code":0,"indent":1,"parameters":[]},{"code":412,"indent":0,"parameters":[]},{"code":111,"indent":0,"parameters":[6,-1,8]},{"code":205,"indent":1,"parameters":[0,{"list":[{"code":29,"parameters":[6],"indent":null},{"code":4,"indent":null},{"code":16,"indent":null},{"code":29,"parameters":[4],"indent":null},{"code":0}],"repeat":false,"skippable":true,"wait":false}]},{"code":505,"indent":1,"parameters":[{"code":29,"parameters":[6],"indent":null}]},{"code":505,"indent":1,"parameters":[{"code":4,"indent":null}]},{"code":505,"indent":1,"parameters":[{"code":16,"indent":null}]},{"code":505,"indent":1,"parameters":[{"code":29,"parameters":[4],"indent":null}]},{"code":0,"indent":1,"parameters":[]},{"code":412,"indent":0,"parameters":[]},{"code":0,"indent":0,"parameters":[]}],"name":"Action 敵ノックバック","switchId":1,"trigger":0},
{"id":9,"list":[{"code":111,"indent":0,"parameters":[6,0,2]},{"code":205,"indent":1,"parameters":[-1,{"list":[{"code":29,"parameters":[6],"indent":null},{"code":1,"indent":null},{"code":19,"indent":null},{"code":29,"parameters":[4],"indent":null},{"code":0}],"repeat":false,"skippable":true,"wait":false}]},{"code":505,"indent":1,"parameters":[{"code":29,"parameters":[6],"indent":null}]},{"code":505,"indent":1,"parameters":[{"code":1,"indent":null}]},{"code":505,"indent":1,"parameters":[{"code":19,"indent":null}]},{"code":505,"indent":1,"parameters":[{"code":29,"parameters":[4],"indent":null}]},{"code":0,"indent":1,"parameters":[]},{"code":412,"indent":0,"parameters":[]},{"code":111,"indent":0,"parameters":[6,0,4]},{"code":205,"indent":1,"parameters":[-1,{"list":[{"code":29,"parameters":[6],"indent":null},{"code":2,"indent":null},{"code":18,"indent":null},{"code":29,"parameters":[4],"indent":null},{"code":0}],"repeat":false,"skippable":true,"wait":false}]},{"code":505,"indent":1,"parameters":[{"code":29,"parameters":[6],"indent":null}]},{"code":505,"indent":1,"parameters":[{"code":2,"indent":null}]},{"code":505,"indent":1,"parameters":[{"code":18,"indent":null}]},{"code":505,"indent":1,"parameters":[{"code":29,"parameters":[4],"indent":null}]},{"code":0,"indent":1,"parameters":[]},{"code":412,"indent":0,"parameters":[]},{"code":111,"indent":0,"parameters":[6,0,6]},{"code":205,"indent":1,"parameters":[-1,{"list":[{"code":29,"parameters":[6],"indent":null},{"code":3,"indent":null},{"code":17,"indent":null},{"code":29,"parameters":[4],"indent":null},{"code":0}],"repeat":false,"skippable":true,"wait":false}]},{"code":505,"indent":1,"parameters":[{"code":29,"parameters":[6],"indent":null}]},{"code":505,"indent":1,"parameters":[{"code":3,"indent":null}]},{"code":505,"indent":1,"parameters":[{"code":17,"indent":null}]},{"code":505,"indent":1,"parameters":[{"code":29,"parameters":[4],"indent":null}]},{"code":0,"indent":1,"parameters":[]},{"code":412,"indent":0,"parameters":[]},{"code":111,"indent":0,"parameters":[6,0,8]},{"code":205,"indent":1,"parameters":[-1,{"list":[{"code":29,"parameters":[6],"indent":null},{"code":4,"indent":null},{"code":16,"indent":null},{"code":29,"parameters":[4],"indent":null},{"code":0}],"repeat":false,"skippable":true,"wait":false}]},{"code":505,"indent":1,"parameters":[{"code":29,"parameters":[6],"indent":null}]},{"code":505,"indent":1,"parameters":[{"code":4,"indent":null}]},{"code":505,"indent":1,"parameters":[{"code":16,"indent":null}]},{"code":505,"indent":1,"parameters":[{"code":29,"parameters":[4],"indent":null}]},{"code":0,"indent":1,"parameters":[]},{"code":412,"indent":0,"parameters":[]},{"code":0,"indent":0,"parameters":[]}],"name":"Action PLノックバック","switchId":1,"trigger":0},
{"id":10,"list":[{"code":121,"indent":0,"parameters":[1,1,0]},{"code":122,"indent":0,"parameters":[9,9,0,3,8,0,0]},{"code":355,"indent":0,"parameters":["const skillId = $gameVariables.value(9);"]},{"code":655,"indent":0,"parameters":["$gameTemp.mapDamageTroop(skillId);"]},{"code":655,"indent":0,"parameters":["$gameTemp.mapPopupTroop();"]},{"code":111,"indent":0,"parameters":[12,"$gameTemp.isDeadTroop()"]},{"code":117,"indent":1,"parameters":[11]},{"code":0,"indent":1,"parameters":[]},{"code":412,"indent":0,"parameters":[]},{"code":121,"indent":0,"parameters":[1,1,1]},{"code":0,"indent":0,"parameters":[]}],"name":"Action 全体攻撃","switchId":1,"trigger":0},
{"id":11,"list":[{"code":230,"indent":0,"parameters":[30]},{"code":355,"indent":0,"parameters":["$gameTemp.eraseAllDeadEvent();"]},{"code":0,"indent":0,"parameters":[]}],"name":"Action イベント消去","switchId":15,"trigger":0},
{"id":12,"list":[{"code":205,"indent":0,"parameters":[-1,{"list":[{"code":42,"parameters":[128],"indent":null},{"code":29,"parameters":[4],"indent":null},{"code":0}],"repeat":false,"skippable":false,"wait":false}]},{"code":505,"indent":0,"parameters":[{"code":42,"parameters":[128],"indent":null}]},{"code":505,"indent":0,"parameters":[{"code":29,"parameters":[4],"indent":null}]},{"code":230,"indent":0,"parameters":[180]},{"code":205,"indent":0,"parameters":[-1,{"list":[{"code":42,"parameters":[255],"indent":null},{"code":29,"parameters":[4],"indent":null},{"code":0}],"repeat":false,"skippable":false,"wait":false}]},{"code":505,"indent":0,"parameters":[{"code":42,"parameters":[255],"indent":null}]},{"code":505,"indent":0,"parameters":[{"code":29,"parameters":[4],"indent":null}]},{"code":121,"indent":0,"parameters":[2,2,1]},{"code":0,"indent":0,"parameters":[]}],"name":"Action 無敵","switchId":40,"trigger":2},
{"id":13,"list":[{"code":108,"indent":0,"parameters":["プレイヤーとこのイベントの位置"]},{"code":122,"indent":0,"parameters":[2,2,0,3,5,-1,0]},{"code":122,"indent":0,"parameters":[3,3,0,3,5,-1,1]},{"code":122,"indent":0,"parameters":[4,4,0,3,5,0,0]},{"code":122,"indent":0,"parameters":[5,5,0,3,5,0,1]},{"code":108,"indent":0,"parameters":["プレイヤーとこのイベントの向きによって衝突判定"]},{"code":108,"indent":0,"parameters":["プレイヤーが下を向いている"]},{"code":111,"indent":0,"parameters":[6,-1,2]},{"code":111,"indent":1,"parameters":[6,0,2]},{"code":111,"indent":2,"parameters":[1,3,1,5,4]},{"code":117,"indent":3,"parameters":[6]},{"code":0,"indent":3,"parameters":[]},{"code":411,"indent":2,"parameters":[]},{"code":117,"indent":3,"parameters":[7]},{"code":0,"indent":3,"parameters":[]},{"code":412,"indent":2,"parameters":[]},{"code":0,"indent":2,"parameters":[]},{"code":412,"indent":1,"parameters":[]},{"code":111,"indent":1,"parameters":[6,0,4]},{"code":111,"indent":2,"parameters":[1,3,1,5,4]},{"code":117,"indent":3,"parameters":[3]},{"code":0,"indent":3,"parameters":[]},{"code":411,"indent":2,"parameters":[]},{"code":117,"indent":3,"parameters":[4]},{"code":0,"indent":3,"parameters":[]},{"code":412,"indent":2,"parameters":[]},{"code":0,"indent":2,"parameters":[]},{"code":412,"indent":1,"parameters":[]},{"code":111,"indent":1,"parameters":[6,0,6]},{"code":111,"indent":2,"parameters":[1,3,1,5,4]},{"code":117,"indent":3,"parameters":[3]},{"code":0,"indent":3,"parameters":[]},{"code":411,"indent":2,"parameters":[]},{"code":117,"indent":3,"parameters":[4]},{"code":0,"indent":3,"parameters":[]},{"code":412,"indent":2,"parameters":[]},{"code":0,"indent":2,"parameters":[]},{"code":412,"indent":1,"parameters":[]},{"code":111,"indent":1,"parameters":[6,0,8]},{"code":117,"indent":2,"parameters":[2]},{"code":0,"indent":2,"parameters":[]},{"code":412,"indent":1,"parameters":[]},{"code":0,"indent":1,"parameters":[]},{"code":412,"indent":0,"parameters":[]},{"code":108,"indent":0,"parameters":["プレイヤーが左を向いている"]},{"code":111,"indent":0,"parameters":[6,-1,4]},{"code":111,"indent":1,"parameters":[6,0,2]},{"code":111,"indent":2,"parameters":[1,2,1,4,3]},{"code":117,"indent":3,"parameters":[3]},{"code":0,"indent":3,"parameters":[]},{"code":411,"indent":2,"parameters":[]},{"code":117,"indent":3,"parameters":[4]},{"code":0,"indent":3,"parameters":[]},{"code":412,"indent":2,"parameters":[]},{"code":0,"indent":2,"parameters":[]},{"code":412,"indent":1,"parameters":[]},{"code":111,"indent":1,"parameters":[6,0,4]},{"code":111,"indent":2,"parameters":[1,2,1,4,3]},{"code":117,"indent":3,"parameters":[6]},{"code":0,"indent":3,"parameters":[]},{"code":411,"indent":2,"parameters":[]},{"code":117,"indent":3,"parameters":[7]},{"code":0,"indent":3,"parameters":[]},{"code":412,"indent":2,"parameters":[]},{"code":0,"indent":2,"parameters":[]},{"code":412,"indent":1,"parameters":[]},{"code":111,"indent":1,"parameters":[6,0,6]},{"code":117,"indent":2,"parameters":[2]},{"code":0,"indent":2,"parameters":[]},{"code":412,"indent":1,"parameters":[]},{"code":111,"indent":1,"parameters":[6,0,8]},{"code":111,"indent":2,"parameters":[1,2,1,4,3]},{"code":117,"indent":3,"parameters":[3]},{"code":0,"indent":3,"parameters":[]},{"code":411,"indent":2,"parameters":[]},{"code":117,"indent":3,"parameters":[4]},{"code":0,"indent":3,"parameters":[]},{"code":412,"indent":2,"parameters":[]},{"code":0,"indent":2,"parameters":[]},{"code":412,"indent":1,"parameters":[]},{"code":0,"indent":1,"parameters":[]},{"code":412,"indent":0,"parameters":[]},{"code":108,"indent":0,"parameters":["プレイヤーが右を向いている"]},{"code":111,"indent":0,"parameters":[6,-1,6]},{"code":111,"indent":1,"parameters":[6,0,2]},{"code":111,"indent":2,"parameters":[1,2,1,4,4]},{"code":117,"indent":3,"parameters":[3]},{"code":0,"indent":3,"parameters":[]},{"code":411,"indent":2,"parameters":[]},{"code":117,"indent":3,"parameters":[4]},{"code":0,"indent":3,"parameters":[]},{"code":412,"indent":2,"parameters":[]},{"code":0,"indent":2,"parameters":[]},{"code":412,"indent":1,"parameters":[]},{"code":111,"indent":1,"parameters":[6,0,4]},{"code":117,"indent":2,"parameters":[2]},{"code":0,"indent":2,"parameters":[]},{"code":412,"indent":1,"parameters":[]},{"code":111,"indent":1,"parameters":[6,0,6]},{"code":111,"indent":2,"parameters":[1,2,1,4,4]},{"code":117,"indent":3,"parameters":[6]},{"code":0,"indent":3,"parameters":[]},{"code":411,"indent":2,"parameters":[]},{"code":117,"indent":3,"parameters":[7]},{"code":0,"indent":3,"parameters":[]},{"code":412,"indent":2,"parameters":[]},{"code":0,"indent":2,"parameters":[]},{"code":412,"indent":1,"parameters":[]},{"code":111,"indent":1,"parameters":[6,0,8]},{"code":111,"indent":2,"parameters":[1,2,1,4,4]},{"code":117,"indent":3,"parameters":[3]},{"code":0,"indent":3,"parameters":[]},{"code":411,"indent":2,"parameters":[]},{"code":117,"indent":3,"parameters":[4]},{"code":0,"indent":3,"parameters":[]},{"code":412,"indent":2,"parameters":[]},{"code":0,"indent":2,"parameters":[]},{"code":412,"indent":1,"parameters":[]},{"code":0,"indent":1,"parameters":[]},{"code":412,"indent":0,"parameters":[]},{"code":108,"indent":0,"parameters":["プレイヤーが上を向いている"]},{"code":111,"indent":0,"parameters":[6,-1,8]},{"code":111,"indent":1,"parameters":[6,0,2]},{"code":117,"indent":2,"parameters":[2]},{"code":0,"indent":2,"parameters":[]},{"code":412,"indent":1,"parameters":[]},{"code":111,"indent":1,"parameters":[6,0,4]},{"code":111,"indent":2,"parameters":[1,3,1,5,3]},{"code":117,"indent":3,"parameters":[3]},{"code":0,"indent":3,"parameters":[]},{"code":411,"indent":2,"parameters":[]},{"code":117,"indent":3,"parameters":[4]},{"code":0,"indent":3,"parameters":[]},{"code":412,"indent":2,"parameters":[]},{"code":0,"indent":2,"parameters":[]},{"code":412,"indent":1,"parameters":[]},{"code":111,"indent":1,"parameters":[6,0,6]},{"code":111,"indent":2,"parameters":[1,3,1,5,3]},{"code":117,"indent":3,"parameters":[3]},{"code":0,"indent":3,"parameters":[]},{"code":411,"indent":2,"parameters":[]},{"code":117,"indent":3,"parameters":[4]},{"code":0,"indent":3,"parameters":[]},{"code":412,"indent":2,"parameters":[]},{"code":0,"indent":2,"parameters":[]},{"code":412,"indent":1,"parameters":[]},{"code":111,"indent":1,"parameters":[6,0,8]},{"code":111,"indent":2,"parameters":[1,3,1,5,3]},{"code":117,"indent":3,"parameters":[6]},{"code":0,"indent":3,"parameters":[]},{"code":411,"indent":2,"parameters":[]},{"code":117,"indent":3,"parameters":[7]},{"code":0,"indent":3,"parameters":[]},{"code":412,"indent":2,"parameters":[]},{"code":0,"indent":2,"parameters":[]},{"code":412,"indent":1,"parameters":[]},{"code":0,"indent":1,"parameters":[]},{"code":412,"indent":0,"parameters":[]},{"code":0,"indent":0,"parameters":[]}],"name":"Action 衝突","switchId":1,"trigger":0},
{"id":14,"list":[{"code":122,"indent":0,"parameters":[7,7,0,4,"$gameTemp.checkCollision()"]},{"code":111,"indent":0,"parameters":[1,7,0,200,0]},{"code":117,"indent":1,"parameters":[2]},{"code":0,"indent":1,"parameters":[]},{"code":412,"indent":0,"parameters":[]},{"code":111,"indent":0,"parameters":[1,7,0,400,0]},{"code":117,"indent":1,"parameters":[3]},{"code":0,"indent":1,"parameters":[]},{"code":412,"indent":0,"parameters":[]},{"code":111,"indent":0,"parameters":[1,7,0,800,0]},{"code":117,"indent":1,"parameters":[6]},{"code":0,"indent":1,"parameters":[]},{"code":412,"indent":0,"parameters":[]},{"code":111,"indent":0,"parameters":[1,7,0,1200,0]},{"code":117,"indent":1,"parameters":[7]},{"code":0,"indent":1,"parameters":[]},{"code":412,"indent":0,"parameters":[]},{"code":111,"indent":0,"parameters":[1,7,0,1400,0]},{"code":117,"indent":1,"parameters":[4]},{"code":0,"indent":1,"parameters":[]},{"code":412,"indent":0,"parameters":[]},{"code":111,"indent":0,"parameters":[1,7,0,1800,0]},{"code":117,"indent":1,"parameters":[2]},{"code":0,"indent":1,"parameters":[]},{"code":412,"indent":0,"parameters":[]},{"code":0,"indent":0,"parameters":[]}],"name":"Action 新:衝突","switchId":1,"trigger":0},
{"id":15,"list":[{"code":121,"indent":0,"parameters":[1,1,0]},{"code":122,"indent":0,"parameters":[10,10,0,3,8,1,0]},{"code":355,"indent":0,"parameters":["const itemId = $gameVariables.value(10);"]},{"code":655,"indent":0,"parameters":["$gameTemp.itemMapDamageTroop(itemId);"]},{"code":655,"indent":0,"parameters":["$gameTemp.mapPopupTroop();"]},{"code":111,"indent":0,"parameters":[12,"$gameTemp.isDeadTroop()"]},{"code":117,"indent":1,"parameters":[11]},{"code":0,"indent":1,"parameters":[]},{"code":412,"indent":0,"parameters":[]},{"code":121,"indent":0,"parameters":[1,1,1]},{"code":0,"indent":0,"parameters":[]}],"name":"Action 全体攻撃item","switchId":1,"trigger":0},
{"id":16,"list":[{"code":0,"indent":0,"parameters":[]}],"name":"","switchId":1,"trigger":0},
{"id":17,"list":[{"code":0,"indent":0,"parameters":[]}],"name":"","switchId":1,"trigger":0},
{"id":18,"list":[{"code":0,"indent":0,"parameters":[]}],"name":"","switchId":1,"trigger":0},
{"id":19,"list":[{"code":0,"indent":0,"parameters":[]}],"name":"","switchId":1,"trigger":0},
{"id":20,"list":[{"code":0,"indent":0,"parameters":[]}],"name":"","switchId":1,"trigger":0}
]