[
null,
{"id":1,"list":[{"code":0,"indent":0,"parameters":[]}],"name":"","switchId":1,"trigger":0},
{"id":2,"list":[{"code":0,"indent":0,"parameters":[]}],"name":"","switchId":1,"trigger":0},
{"id":3,"list":[{"code":0,"indent":0,"parameters":[]}],"name":"","switchId":1,"trigger":0},
{"id":4,"list":[{"code":0,"indent":0,"parameters":[]}],"name":"","switchId":1,"trigger":0},
{"id":5,"list":[{"code":0,"indent":0,"parameters":[]}],"name":"","switchId":1,"trigger":0},
{"id":6,"list":[{"code":0,"indent":0,"parameters":[]}],"name":"","switchId":1,"trigger":0},
{"id":7,"list":[{"code":0,"indent":0,"parameters":[]}],"name":"","switchId":1,"trigger":0},
{"id":8,"list":[{"code":0,"indent":0,"parameters":[]}],"name":"","switchId":1,"trigger":0},
{"id":9,"list":[{"code":0,"indent":0,"parameters":[]}],"name":"","switchId":1,"trigger":0},
{"id":10,"list":[{"code":0,"indent":0,"parameters":[]}],"name":"","switchId":1,"trigger":0},
{"id":11,"list":[{"code":121,"indent":0,"parameters":[7,7,0]},{"code":0,"indent":0,"parameters":[]}],"name":"戦闘 バトル開始","switchId":1,"trigger":0},
{"id":12,"list":[{"code":0,"indent":0,"parameters":[]}],"name":"戦闘 ターン開始","switchId":1,"trigger":0},
{"id":13,"list":[{"code":0,"indent":0,"parameters":[]}],"name":"戦闘 ターン終了","switchId":1,"trigger":0},
{"id":14,"list":[{"code":121,"indent":0,"parameters":[7,7,1]},{"code":0,"indent":0,"parameters":[]}],"name":"戦闘 バトル終了","switchId":7,"trigger":1},
{"id":15,"list":[{"code":0,"indent":0,"parameters":[]}],"name":"","switchId":1,"trigger":0},
{"id":16,"list":[{"code":0,"indent":0,"parameters":[]}],"name":"","switchId":1,"trigger":0},
{"id":17,"list":[{"code":0,"indent":0,"parameters":[]}],"name":"","switchId":1,"trigger":0},
{"id":18,"list":[{"code":0,"indent":0,"parameters":[]}],"name":"","switchId":1,"trigger":0},
{"id":19,"list":[{"code":0,"indent":0,"parameters":[]}],"name":"","switchId":1,"trigger":0},
{"id":20,"list":[{"code":0,"indent":0,"parameters":[]}],"name":"","switchId":1,"trigger":0},
{"id":21,"list":[{"code":0,"indent":0,"parameters":[]}],"name":"","switchId":1,"trigger":0},
{"id":22,"list":[{"code":0,"indent":0,"parameters":[]}],"name":"","switchId":1,"trigger":0},
{"id":23,"list":[{"code":0,"indent":0,"parameters":[]}],"name":"","switchId":1,"trigger":0},
{"id":24,"list":[{"code":0,"indent":0,"parameters":[]}],"name":"","switchId":1,"trigger":0},
{"id":25,"list":[{"code":0,"indent":0,"parameters":[]}],"name":"","switchId":1,"trigger":0},
{"id":26,"list":[{"code":0,"indent":0,"parameters":[]}],"name":"","switchId":1,"trigger":0},
{"id":27,"list":[{"code":0,"indent":0,"parameters":[]}],"name":"","switchId":1,"trigger":0},
{"id":28,"list":[{"code":0,"indent":0,"parameters":[]}],"name":"","switchId":1,"trigger":0},
{"id":29,"list":[{"code":0,"indent":0,"parameters":[]}],"name":"","switchId":1,"trigger":0},
{"id":30,"list":[{"code":0,"indent":0,"parameters":[]}],"name":"","switchId":1,"trigger":0},
{"id":31,"list":[{"code":0,"indent":0,"parameters":[]}],"name":"","switchId":1,"trigger":0},
{"id":32,"list":[{"code":0,"indent":0,"parameters":[]}],"name":"","switchId":1,"trigger":0},
{"id":33,"list":[{"code":0,"indent":0,"parameters":[]}],"name":"","switchId":1,"trigger":0},
{"id":34,"list":[{"code":0,"indent":0,"parameters":[]}],"name":"","switchId":1,"trigger":0},
{"id":35,"list":[{"code":0,"indent":0,"parameters":[]}],"name":"","switchId":1,"trigger":0},
{"id":36,"list":[{"code":0,"indent":0,"parameters":[]}],"name":"","switchId":1,"trigger":0},
{"id":37,"list":[{"code":0,"indent":0,"parameters":[]}],"name":"","switchId":1,"trigger":0},
{"id":38,"list":[{"code":0,"indent":0,"parameters":[]}],"name":"","switchId":1,"trigger":0},
{"id":39,"list":[{"code":0,"indent":0,"parameters":[]}],"name":"","switchId":1,"trigger":0},
{"id":40,"list":[{"code":0,"indent":0,"parameters":[]}],"name":"","switchId":1,"trigger":0},
{"id":41,"list":[{"code":108,"indent":0,"parameters":["敵イベントとぶつかった時に呼び出すコモンイベント。"]},{"code":111,"indent":0,"parameters":[0,40,1]},{"code":121,"indent":1,"parameters":[11,11,0]},{"code":117,"indent":1,"parameters":[54]},{"code":121,"indent":1,"parameters":[11,11,1]},{"code":0,"indent":1,"parameters":[]},{"code":412,"indent":0,"parameters":[]},{"code":0,"indent":0,"parameters":[]}],"name":"Action 衝突呼出","switchId":1,"trigger":0},
{"id":42,"list":[{"code":108,"indent":0,"parameters":["接触時にイベントが向き変更するので、"]},{"code":408,"indent":0,"parameters":["プレイヤーからの接触は、"]},{"code":408,"indent":0,"parameters":["正面衝突になってしまう。"]},{"code":408,"indent":0,"parameters":["ActionRPG プラグインで対応している。"]},{"code":111,"indent":0,"parameters":[1,67,0,0,0]},{"code":108,"indent":1,"parameters":["正面衝突はダメージなし"]},{"code":250,"indent":1,"parameters":[{"name":"Reflection","volume":90,"pitch":100,"pan":0}]},{"code":205,"indent":1,"parameters":[-1,{"list":[{"code":29,"parameters":[6],"indent":null},{"code":13,"indent":null},{"code":45,"parameters":["this.setMoveSpeed(4, true);"],"indent":null},{"code":0}],"repeat":false,"skippable":true,"wait":false}]},{"code":505,"indent":1,"parameters":[{"code":29,"parameters":[6],"indent":null}]},{"code":505,"indent":1,"parameters":[{"code":13,"indent":null}]},{"code":505,"indent":1,"parameters":[{"code":45,"parameters":["this.setMoveSpeed(4, true);"],"indent":null}]},{"code":205,"indent":1,"parameters":[0,{"list":[{"code":29,"parameters":[6],"indent":null},{"code":13,"indent":null},{"code":29,"parameters":[4],"indent":null},{"code":0}],"repeat":false,"skippable":true,"wait":false}]},{"code":505,"indent":1,"parameters":[{"code":29,"parameters":[6],"indent":null}]},{"code":505,"indent":1,"parameters":[{"code":13,"indent":null}]},{"code":505,"indent":1,"parameters":[{"code":29,"parameters":[4],"indent":null}]},{"code":0,"indent":1,"parameters":[]},{"code":411,"indent":0,"parameters":[]},{"code":111,"indent":1,"parameters":[1,67,0,-1,0]},{"code":108,"indent":2,"parameters":["正面衝突は双方ダメージ"]},{"code":117,"indent":2,"parameters":[44]},{"code":230,"indent":2,"parameters":[1]},{"code":117,"indent":2,"parameters":[43]},{"code":0,"indent":2,"parameters":[]},{"code":411,"indent":1,"parameters":[]},{"code":108,"indent":2,"parameters":["正面衝突は戦闘画面へ"]},{"code":117,"indent":2,"parameters":[60]},{"code":301,"indent":2,"parameters":[1,67,true,true]},{"code":601,"indent":2,"parameters":[]},{"code":117,"indent":3,"parameters":[14]},{"code":111,"indent":3,"parameters":[12,"$gameMap.hasTag(\"MapBoss\", this._eventId);"]},{"code":117,"indent":4,"parameters":[72]},{"code":0,"indent":4,"parameters":[]},{"code":412,"indent":3,"parameters":[]},{"code":123,"indent":3,"parameters":["D",0]},{"code":214,"indent":3,"parameters":[]},{"code":0,"indent":3,"parameters":[]},{"code":602,"indent":2,"parameters":[]},{"code":117,"indent":3,"parameters":[14]},{"code":117,"indent":3,"parameters":[63]},{"code":205,"indent":3,"parameters":[0,{"list":[{"code":37,"indent":null},{"code":42,"parameters":[128],"indent":null},{"code":15,"parameters":[180],"indent":null},{"code":42,"parameters":[255],"indent":null},{"code":38,"indent":null},{"code":0}],"repeat":false,"skippable":false,"wait":false}]},{"code":505,"indent":3,"parameters":[{"code":37,"indent":null}]},{"code":505,"indent":3,"parameters":[{"code":42,"parameters":[128],"indent":null}]},{"code":505,"indent":3,"parameters":[{"code":15,"parameters":[180],"indent":null}]},{"code":505,"indent":3,"parameters":[{"code":42,"parameters":[255],"indent":null}]},{"code":505,"indent":3,"parameters":[{"code":38,"indent":null}]},{"code":0,"indent":3,"parameters":[]},{"code":603,"indent":2,"parameters":[]},{"code":117,"indent":3,"parameters":[14]},{"code":205,"indent":3,"parameters":[0,{"list":[{"code":37,"indent":null},{"code":42,"parameters":[128],"indent":null},{"code":15,"parameters":[180],"indent":null},{"code":42,"parameters":[255],"indent":null},{"code":38,"indent":null},{"code":0}],"repeat":false,"skippable":false,"wait":false}]},{"code":505,"indent":3,"parameters":[{"code":37,"indent":null}]},{"code":505,"indent":3,"parameters":[{"code":42,"parameters":[128],"indent":null}]},{"code":505,"indent":3,"parameters":[{"code":15,"parameters":[180],"indent":null}]},{"code":505,"indent":3,"parameters":[{"code":42,"parameters":[255],"indent":null}]},{"code":505,"indent":3,"parameters":[{"code":38,"indent":null}]},{"code":0,"indent":3,"parameters":[]},{"code":604,"indent":2,"parameters":[]},{"code":0,"indent":2,"parameters":[]},{"code":412,"indent":1,"parameters":[]},{"code":0,"indent":1,"parameters":[]},{"code":412,"indent":0,"parameters":[]},{"code":0,"indent":0,"parameters":[]}],"name":"Action 正面衝突","switchId":1,"trigger":0},
{"id":43,"list":[{"code":108,"indent":0,"parameters":["プレイヤーが敵イベントを攻撃した時。"]},{"code":122,"indent":0,"parameters":[33,33,0,4,"this.eventId()"]},{"code":122,"indent":0,"parameters":[32,32,0,1,33]},{"code":122,"indent":0,"parameters":[35,35,0,0,0]},{"code":357,"indent":0,"parameters":["KRD/action/KRD_MZ_ActionRPG","clearInput","入力クリア",{}]},{"code":357,"indent":0,"parameters":["KRD/action/KRD_MZ_ActionRPG","showSkillAnimation","skillアニメーション表示",{"varSkillId":"35","varCharacterId":"32","waitMode":"false"}]},{"code":657,"indent":0,"parameters":["スキル番号変数 = 35"]},{"code":657,"indent":0,"parameters":["キャラクター番号変数 = 32"]},{"code":657,"indent":0,"parameters":["ウェイト = false"]},{"code":357,"indent":0,"parameters":["KRD/action/KRD_MZ_ActionRPG","mapDamageEnemy","Enemyダメージ発生",{"varEventId":"33","varSkillId":"35"}]},{"code":657,"indent":0,"parameters":["イベントID変数 = 33"]},{"code":657,"indent":0,"parameters":["スキルID変数 = 35"]},{"code":357,"indent":0,"parameters":["KRD/action/KRD_MZ_ActionRPG","mapPopupTroop","敵キャラダメージポップアップ",{}]},{"code":357,"indent":0,"parameters":["KRD/action/KRD_MZ_ActionRPG","mapPopupPlayer","プレイヤーダメージポップアップ",{}]},{"code":108,"indent":0,"parameters":["連続でダメージが入るのを防ぐためにノックバックしている。"]},{"code":117,"indent":0,"parameters":[48]},{"code":355,"indent":0,"parameters":["$gameTemp.setSelfSwitch($gameMap.mapId(), this.eventId(), \"C\", true);"]},{"code":205,"indent":0,"parameters":[-1,{"list":[{"code":29,"parameters":[6],"indent":null},{"code":13,"indent":null},{"code":45,"parameters":["this.setMoveSpeed(4, true);"],"indent":null},{"code":0}],"repeat":false,"skippable":true,"wait":false}]},{"code":505,"indent":0,"parameters":[{"code":29,"parameters":[6],"indent":null}]},{"code":505,"indent":0,"parameters":[{"code":13,"indent":null}]},{"code":505,"indent":0,"parameters":[{"code":45,"parameters":["this.setMoveSpeed(4, true);"],"indent":null}]},{"code":0,"indent":0,"parameters":[]}],"name":"Action 攻撃","switchId":1,"trigger":0},
{"id":44,"list":[{"code":108,"indent":0,"parameters":["プレイヤーが敵イベントに攻撃された時。"]},{"code":122,"indent":0,"parameters":[33,33,0,4,"this.eventId()"]},{"code":122,"indent":0,"parameters":[32,32,0,0,-1]},{"code":122,"indent":0,"parameters":[35,35,0,0,0]},{"code":357,"indent":0,"parameters":["KRD/action/KRD_MZ_ActionRPG","showSkillAnimation","skillアニメーション表示",{"varSkillId":"35","varCharacterId":"32","waitMode":"false"}]},{"code":657,"indent":0,"parameters":["スキル番号変数 = 35"]},{"code":657,"indent":0,"parameters":["キャラクター番号変数 = 32"]},{"code":657,"indent":0,"parameters":["ウェイト = false"]},{"code":357,"indent":0,"parameters":["KRD/action/KRD_MZ_ActionRPG","mapDamagePlayer","Playerダメージ発生",{"varEventId":"33","varSkillId":"35"}]},{"code":657,"indent":0,"parameters":["イベントID変数 = 33"]},{"code":657,"indent":0,"parameters":["スキルID変数 = 35"]},{"code":357,"indent":0,"parameters":["KRD/action/KRD_MZ_ActionRPG","mapPopupTroop","敵キャラダメージポップアップ",{}]},{"code":357,"indent":0,"parameters":["KRD/action/KRD_MZ_ActionRPG","mapPopupPlayer","プレイヤーダメージポップアップ",{}]},{"code":117,"indent":0,"parameters":[49]},{"code":121,"indent":0,"parameters":[40,40,0]},{"code":0,"indent":0,"parameters":[]}],"name":"Action 被ダメージ","switchId":1,"trigger":0},
{"id":45,"list":[{"code":108,"indent":0,"parameters":["プレイヤーが移動不可マスに入った時に RegionBase プラグインで呼び出す。"]},{"code":122,"indent":0,"parameters":[111,111,0,3,7,0,0]},{"code":122,"indent":0,"parameters":[119,119,0,0,8]},{"code":122,"indent":0,"parameters":[120,120,0,0,6]},{"code":201,"indent":0,"parameters":[1,118,119,120,2,1]},{"code":0,"indent":0,"parameters":[]}],"name":"Action 移動不可マス","switchId":1,"trigger":0},
{"id":46,"list":[{"code":108,"indent":0,"parameters":["プレイヤーの攻撃をクリティカル扱いにする時。"]},{"code":357,"indent":0,"parameters":["KRD/action/KRD_MZ_ActionRPG","forceCritical","強制クリティカル",{}]},{"code":117,"indent":0,"parameters":[43]},{"code":0,"indent":0,"parameters":[]}],"name":"Action 必殺","switchId":1,"trigger":0},
{"id":47,"list":[{"code":108,"indent":0,"parameters":["敵イベントの攻撃をクリティカル扱いにする時。"]},{"code":357,"indent":0,"parameters":["KRD/action/KRD_MZ_ActionRPG","forceCritical","強制クリティカル",{}]},{"code":117,"indent":0,"parameters":[44]},{"code":0,"indent":0,"parameters":[]}],"name":"Action 不意打ち","switchId":1,"trigger":0},
{"id":48,"list":[{"code":108,"indent":0,"parameters":["注意: turnTowardCharacter は"]},{"code":408,"indent":0,"parameters":["ActionRPG プラグインで上書きしている。"]},{"code":205,"indent":0,"parameters":[0,{"list":[{"code":29,"parameters":[6],"indent":null},{"code":11,"indent":null},{"code":45,"parameters":["this.turnTowardCharacter($gamePlayer, true);"],"indent":null},{"code":29,"parameters":[4],"indent":null},{"code":0}],"repeat":false,"skippable":true,"wait":false}]},{"code":505,"indent":0,"parameters":[{"code":29,"parameters":[6],"indent":null}]},{"code":505,"indent":0,"parameters":[{"code":11,"indent":null}]},{"code":505,"indent":0,"parameters":[{"code":45,"parameters":["this.turnTowardCharacter($gamePlayer, true);"],"indent":null}]},{"code":505,"indent":0,"parameters":[{"code":29,"parameters":[4],"indent":null}]},{"code":0,"indent":0,"parameters":[]}],"name":"Action 敵ノックバック","switchId":1,"trigger":0},
{"id":49,"list":[{"code":108,"indent":0,"parameters":["注意: turnTowardCharacter は"]},{"code":408,"indent":0,"parameters":["ActionRPG プラグインで上書きしている。"]},{"code":205,"indent":0,"parameters":[0,{"list":[{"code":45,"parameters":["$gamePlayer.turnTowardCharacter(this, true);"],"indent":null},{"code":0}],"repeat":false,"skippable":true,"wait":true}]},{"code":505,"indent":0,"parameters":[{"code":45,"parameters":["$gamePlayer.turnTowardCharacter(this, true);"],"indent":null}]},{"code":205,"indent":0,"parameters":[-1,{"list":[{"code":29,"parameters":[6],"indent":null},{"code":13,"indent":null},{"code":45,"parameters":["this.setMoveSpeed(4, true);"],"indent":0},{"code":0}],"repeat":false,"skippable":true,"wait":true}]},{"code":505,"indent":0,"parameters":[{"code":29,"parameters":[6],"indent":null}]},{"code":505,"indent":0,"parameters":[{"code":13,"indent":null}]},{"code":505,"indent":0,"parameters":[{"code":45,"parameters":["this.setMoveSpeed(4, true);"],"indent":0}]},{"code":0,"indent":0,"parameters":[]}],"name":"Action PLノックバック","switchId":1,"trigger":0},
{"id":50,"list":[{"code":121,"indent":0,"parameters":[11,11,0]},{"code":122,"indent":0,"parameters":[32,32,0,0,-1]},{"code":122,"indent":0,"parameters":[35,35,0,3,8,0,0]},{"code":357,"indent":0,"parameters":["KRD/action/KRD_MZ_ActionRPG","showSkillAnimation","skillアニメーション表示",{"varSkillId":"35","varCharacterId":"32","waitMode":"true"}]},{"code":657,"indent":0,"parameters":["スキル番号変数 = 35"]},{"code":657,"indent":0,"parameters":["キャラクター番号変数 = 32"]},{"code":657,"indent":0,"parameters":["ウェイト = true"]},{"code":357,"indent":0,"parameters":["KRD/action/KRD_MZ_ActionRPG","mapDamageTroop","Troopダメージ発生",{"varSkillId":"35"}]},{"code":657,"indent":0,"parameters":["スキルID変数 = 35"]},{"code":357,"indent":0,"parameters":["KRD/action/KRD_MZ_ActionRPG","mapPopupTroop","Enemyダメージポップアップ",{}]},{"code":121,"indent":0,"parameters":[11,11,1]},{"code":0,"indent":0,"parameters":[]}],"name":"Action 全体攻撃","switchId":1,"trigger":0},
{"id":51,"list":[{"code":357,"indent":0,"parameters":["KRD/action/KRD_MZ_ActionRPG","isDeadTroop","敵キャラKOチェック",{"swResult":"39"}]},{"code":657,"indent":0,"parameters":["結果スイッチ = 39"]},{"code":111,"indent":0,"parameters":[0,39,0]},{"code":230,"indent":1,"parameters":[20]},{"code":111,"indent":1,"parameters":[12,"$gameTemp.isDeadBoss()"]},{"code":117,"indent":2,"parameters":[72]},{"code":0,"indent":2,"parameters":[]},{"code":412,"indent":1,"parameters":[]},{"code":122,"indent":1,"parameters":[118,118,0,3,7,0,0]},{"code":357,"indent":1,"parameters":["KRD/action/KRD_MZ_ActionRPG","setSelfSwitchAllDeadEvent","KO敵キャラ消去セルフスイッチ",{}]},{"code":109,"indent":1,"parameters":[]},{"code":357,"indent":2,"parameters":["KRD/action/KRD_MZ_ActionRPG","eraseAllDeadEvent","KO敵キャラ消去",{}]},{"code":0,"indent":2,"parameters":[]},{"code":409,"indent":1,"parameters":[]},{"code":357,"indent":1,"parameters":["KRD/action/KRD_MZ_ActionRPG","processTroopCollapse","敵キャラ撃破時報酬獲得",{}]},{"code":0,"indent":1,"parameters":[]},{"code":412,"indent":0,"parameters":[]},{"code":230,"indent":0,"parameters":[4]},{"code":0,"indent":0,"parameters":[]}],"name":"Action イベント消去","switchId":38,"trigger":2},
{"id":52,"list":[{"code":205,"indent":0,"parameters":[-1,{"list":[{"code":42,"parameters":[196],"indent":null},{"code":45,"parameters":["this.setMoveSpeed(4, true);"],"indent":null},{"code":0}],"repeat":false,"skippable":false,"wait":false}]},{"code":505,"indent":0,"parameters":[{"code":42,"parameters":[196],"indent":null}]},{"code":505,"indent":0,"parameters":[{"code":45,"parameters":["this.setMoveSpeed(4, true);"],"indent":null}]},{"code":230,"indent":0,"parameters":[30]},{"code":205,"indent":0,"parameters":[-1,{"list":[{"code":42,"parameters":[255],"indent":null},{"code":45,"parameters":["this.setMoveSpeed(4, true);"],"indent":null},{"code":0}],"repeat":false,"skippable":false,"wait":false}]},{"code":505,"indent":0,"parameters":[{"code":42,"parameters":[255],"indent":null}]},{"code":505,"indent":0,"parameters":[{"code":45,"parameters":["this.setMoveSpeed(4, true);"],"indent":null}]},{"code":121,"indent":0,"parameters":[40,40,1]},{"code":0,"indent":0,"parameters":[]}],"name":"Action 無敵","switchId":40,"trigger":2},
{"id":53,"list":[{"code":357,"indent":0,"parameters":["KRD/action/KRD_MZ_ActionRPG","checkRangeCollision","衝突チェック距離斜め",{"varResult":"31"}]},{"code":657,"indent":0,"parameters":["結果変数 = 31"]},{"code":111,"indent":0,"parameters":[1,31,0,200,0]},{"code":117,"indent":1,"parameters":[42]},{"code":0,"indent":1,"parameters":[]},{"code":412,"indent":0,"parameters":[]},{"code":111,"indent":0,"parameters":[1,31,0,400,0]},{"code":117,"indent":1,"parameters":[43]},{"code":0,"indent":1,"parameters":[]},{"code":412,"indent":0,"parameters":[]},{"code":111,"indent":0,"parameters":[1,31,0,800,0]},{"code":117,"indent":1,"parameters":[46]},{"code":0,"indent":1,"parameters":[]},{"code":412,"indent":0,"parameters":[]},{"code":111,"indent":0,"parameters":[1,31,0,-200,0]},{"code":117,"indent":1,"parameters":[47]},{"code":0,"indent":1,"parameters":[]},{"code":412,"indent":0,"parameters":[]},{"code":111,"indent":0,"parameters":[1,31,0,-400,0]},{"code":117,"indent":1,"parameters":[44]},{"code":0,"indent":1,"parameters":[]},{"code":412,"indent":0,"parameters":[]},{"code":111,"indent":0,"parameters":[1,31,0,-800,0]},{"code":117,"indent":1,"parameters":[42]},{"code":0,"indent":1,"parameters":[]},{"code":412,"indent":0,"parameters":[]},{"code":0,"indent":0,"parameters":[]}],"name":"Action 衝突:range","switchId":1,"trigger":0},
{"id":54,"list":[{"code":357,"indent":0,"parameters":["KRD/action/KRD_MZ_ActionRPG","checkCollision","衝突チェック",{"varResult":"31"}]},{"code":657,"indent":0,"parameters":["結果変数 = 31"]},{"code":111,"indent":0,"parameters":[1,31,0,200,0]},{"code":117,"indent":1,"parameters":[42]},{"code":0,"indent":1,"parameters":[]},{"code":412,"indent":0,"parameters":[]},{"code":111,"indent":0,"parameters":[1,31,0,400,0]},{"code":117,"indent":1,"parameters":[43]},{"code":0,"indent":1,"parameters":[]},{"code":412,"indent":0,"parameters":[]},{"code":111,"indent":0,"parameters":[1,31,0,800,0]},{"code":117,"indent":1,"parameters":[46]},{"code":0,"indent":1,"parameters":[]},{"code":412,"indent":0,"parameters":[]},{"code":111,"indent":0,"parameters":[1,31,0,-200,0]},{"code":117,"indent":1,"parameters":[47]},{"code":0,"indent":1,"parameters":[]},{"code":412,"indent":0,"parameters":[]},{"code":111,"indent":0,"parameters":[1,31,0,-400,0]},{"code":117,"indent":1,"parameters":[44]},{"code":0,"indent":1,"parameters":[]},{"code":412,"indent":0,"parameters":[]},{"code":111,"indent":0,"parameters":[1,31,0,-800,0]},{"code":117,"indent":1,"parameters":[42]},{"code":0,"indent":1,"parameters":[]},{"code":412,"indent":0,"parameters":[]},{"code":0,"indent":0,"parameters":[]}],"name":"Action 衝突:normal","switchId":1,"trigger":0},
{"id":55,"list":[{"code":121,"indent":0,"parameters":[11,11,0]},{"code":122,"indent":0,"parameters":[32,32,0,0,-1]},{"code":122,"indent":0,"parameters":[34,34,0,3,8,1,0]},{"code":357,"indent":0,"parameters":["KRD/action/KRD_MZ_ActionRPG","showItemAnimation","itemアニメーション表示",{"varItemId":"34","varCharacterId":"32","waitMode":"true"}]},{"code":657,"indent":0,"parameters":["アイテム番号変数 = 34"]},{"code":657,"indent":0,"parameters":["キャラクター番号変数 = 32"]},{"code":657,"indent":0,"parameters":["ウェイト = true"]},{"code":357,"indent":0,"parameters":["KRD/action/KRD_MZ_ActionRPG","itemMapDamageTroop","Troopダメージ発生item",{"varSkillId":"34"}]},{"code":657,"indent":0,"parameters":["スキルID変数 = 34"]},{"code":357,"indent":0,"parameters":["KRD/action/KRD_MZ_ActionRPG","mapPopupTroop","Enemyダメージポップアップ",{}]},{"code":357,"indent":0,"parameters":["KRD/action/KRD_MZ_ActionRPG","mapPopupPlayer","プレイヤーダメージポップアップ",{}]},{"code":121,"indent":0,"parameters":[11,11,1]},{"code":0,"indent":0,"parameters":[]}],"name":"Action 全体攻撃item","switchId":1,"trigger":0},
{"id":56,"list":[{"code":108,"indent":0,"parameters":["動作確認用"]},{"code":122,"indent":0,"parameters":[36,36,0,0,4]},{"code":122,"indent":0,"parameters":[33,33,0,0,2]},{"code":357,"indent":0,"parameters":["KRD/action/KRD_MZ_ActionRPG","addStateEnemy","Enemyステート付与",{"varStateId":"36","varEventId":"33"}]},{"code":657,"indent":0,"parameters":["ステートID変数 = 36"]},{"code":657,"indent":0,"parameters":["イベントID変数 = 33"]},{"code":122,"indent":0,"parameters":[36,36,0,0,12]},{"code":122,"indent":0,"parameters":[33,33,0,0,9]},{"code":357,"indent":0,"parameters":["KRD/action/KRD_MZ_ActionRPG","addStateEnemy","Enemyステート付与",{"varStateId":"36","varEventId":"33"}]},{"code":657,"indent":0,"parameters":["ステートID変数 = 36"]},{"code":657,"indent":0,"parameters":["イベントID変数 = 33"]},{"code":122,"indent":0,"parameters":[36,36,0,0,10]},{"code":122,"indent":0,"parameters":[33,33,0,0,11]},{"code":357,"indent":0,"parameters":["KRD/action/KRD_MZ_ActionRPG","addStateEnemy","Enemyステート付与",{"varStateId":"36","varEventId":"33"}]},{"code":657,"indent":0,"parameters":["ステートID変数 = 36"]},{"code":657,"indent":0,"parameters":["イベントID変数 = 33"]},{"code":122,"indent":0,"parameters":[36,36,0,0,15]},{"code":357,"indent":0,"parameters":["KRD/action/KRD_MZ_ActionRPG","addStateEnemy","Enemyステート付与",{"varStateId":"36","varEventId":"33"}]},{"code":657,"indent":0,"parameters":["ステートID変数 = 36"]},{"code":657,"indent":0,"parameters":["イベントID変数 = 33"]},{"code":122,"indent":0,"parameters":[36,36,0,0,4]},{"code":357,"indent":0,"parameters":["KRD/action/KRD_MZ_ActionRPG","addStatePlayer","Playerステート付与",{"varStateId":"36"}]},{"code":657,"indent":0,"parameters":["ステートID変数 = 36"]},{"code":0,"indent":0,"parameters":[]}],"name":"Action ステート付与","switchId":1,"trigger":0},
{"id":57,"list":[{"code":205,"indent":0,"parameters":[0,{"list":[{"code":42,"parameters":[196],"indent":null},{"code":0}],"repeat":false,"skippable":false,"wait":false}]},{"code":505,"indent":0,"parameters":[{"code":42,"parameters":[196],"indent":null}]},{"code":230,"indent":0,"parameters":[60]},{"code":205,"indent":0,"parameters":[0,{"list":[{"code":42,"parameters":[255],"indent":null},{"code":0}],"repeat":false,"skippable":false,"wait":false}]},{"code":505,"indent":0,"parameters":[{"code":42,"parameters":[255],"indent":null}]},{"code":123,"indent":0,"parameters":["C",1]},{"code":0,"indent":0,"parameters":[]}],"name":"Action 被ダメ敵","switchId":1,"trigger":0},
{"id":58,"list":[{"code":111,"indent":0,"parameters":[6,-1,2]},{"code":205,"indent":1,"parameters":[-1,{"list":[{"code":14,"parameters":[0,2],"indent":null},{"code":45,"parameters":["$gameSwitches.setValue(40, true);"],"indent":null},{"code":0}],"repeat":false,"skippable":true,"wait":false}]},{"code":505,"indent":1,"parameters":[{"code":14,"parameters":[0,2],"indent":null}]},{"code":505,"indent":1,"parameters":[{"code":45,"parameters":["$gameSwitches.setValue(40, true);"],"indent":null}]},{"code":0,"indent":1,"parameters":[]},{"code":412,"indent":0,"parameters":[]},{"code":111,"indent":0,"parameters":[6,-1,4]},{"code":205,"indent":1,"parameters":[-1,{"list":[{"code":14,"parameters":[-2,0],"indent":null},{"code":45,"parameters":["$gameSwitches.setValue(40, true);"],"indent":null},{"code":0}],"repeat":false,"skippable":true,"wait":false}]},{"code":505,"indent":1,"parameters":[{"code":14,"parameters":[-2,0],"indent":null}]},{"code":505,"indent":1,"parameters":[{"code":45,"parameters":["$gameSwitches.setValue(40, true);"],"indent":null}]},{"code":0,"indent":1,"parameters":[]},{"code":412,"indent":0,"parameters":[]},{"code":111,"indent":0,"parameters":[6,-1,6]},{"code":205,"indent":1,"parameters":[-1,{"list":[{"code":14,"parameters":[2,0],"indent":null},{"code":45,"parameters":["$gameSwitches.setValue(40, true);"],"indent":null},{"code":0}],"repeat":false,"skippable":true,"wait":false}]},{"code":505,"indent":1,"parameters":[{"code":14,"parameters":[2,0],"indent":null}]},{"code":505,"indent":1,"parameters":[{"code":45,"parameters":["$gameSwitches.setValue(40, true);"],"indent":null}]},{"code":0,"indent":1,"parameters":[]},{"code":412,"indent":0,"parameters":[]},{"code":111,"indent":0,"parameters":[6,-1,8]},{"code":205,"indent":1,"parameters":[-1,{"list":[{"code":14,"parameters":[0,-2],"indent":null},{"code":45,"parameters":["$gameSwitches.setValue(40, true);"],"indent":null},{"code":0}],"repeat":false,"skippable":true,"wait":false}]},{"code":505,"indent":1,"parameters":[{"code":14,"parameters":[0,-2],"indent":null}]},{"code":505,"indent":1,"parameters":[{"code":45,"parameters":["$gameSwitches.setValue(40, true);"],"indent":null}]},{"code":0,"indent":1,"parameters":[]},{"code":412,"indent":0,"parameters":[]},{"code":0,"indent":0,"parameters":[]}],"name":"Action ジャンプ台","switchId":1,"trigger":0},
{"id":59,"list":[{"code":121,"indent":0,"parameters":[11,11,0]},{"code":101,"indent":0,"parameters":["",0,0,2,""]},{"code":401,"indent":0,"parameters":["ぐふっ……。"]},{"code":314,"indent":0,"parameters":[0,0]},{"code":313,"indent":0,"parameters":[0,0,0,15]},{"code":224,"indent":0,"parameters":[[255,255,255,170],60,true]},{"code":117,"indent":0,"parameters":[98]},{"code":101,"indent":0,"parameters":["",0,0,2,""]},{"code":401,"indent":0,"parameters":["なんちゃって。"]},{"code":121,"indent":0,"parameters":[11,11,1]},{"code":0,"indent":0,"parameters":[]}],"name":"Action Game Over","switchId":1,"trigger":0},
{"id":60,"list":[{"code":108,"indent":0,"parameters":["マップで敵イベントに与えたダメージを"]},{"code":408,"indent":0,"parameters":["戦闘シーンに反映させる処理"]},{"code":122,"indent":0,"parameters":[68,68,0,0,0]},{"code":355,"indent":0,"parameters":["const enemy = $gameMap.enemy(this._eventId);"]},{"code":655,"indent":0,"parameters":["const damage = enemy.mhp - enemy.hp;"]},{"code":655,"indent":0,"parameters":["$gameVariables.setValue(68, damage);"]},{"code":0,"indent":0,"parameters":[]}],"name":"Action Map敵Damage","switchId":1,"trigger":0},
{"id":61,"list":[{"code":205,"indent":0,"parameters":[0,{"list":[{"code":26,"indent":null},{"code":0}],"repeat":false,"skippable":false,"wait":true}]},{"code":505,"indent":0,"parameters":[{"code":26,"indent":null}]},{"code":123,"indent":0,"parameters":["D",0]},{"code":0,"indent":0,"parameters":[]}],"name":"岩 移動開始","switchId":1,"trigger":0},
{"id":62,"list":[{"code":111,"indent":0,"parameters":[12,"!$gameMap.isEventRunning()"]},{"code":111,"indent":1,"parameters":[2,"D",0]},{"code":111,"indent":2,"parameters":[12,"this.anyCollision()"]},{"code":230,"indent":3,"parameters":[12]},{"code":123,"indent":3,"parameters":["D",1]},{"code":205,"indent":3,"parameters":[0,{"list":[{"code":41,"parameters":["",0],"indent":null},{"code":0}],"repeat":false,"skippable":false,"wait":false}]},{"code":505,"indent":3,"parameters":[{"code":41,"parameters":["",0],"indent":null}]},{"code":203,"indent":3,"parameters":[0,0,1,0,0]},{"code":214,"indent":3,"parameters":[]},{"code":0,"indent":3,"parameters":[]},{"code":411,"indent":2,"parameters":[]},{"code":111,"indent":3,"parameters":[12,"!this.canPass()"]},{"code":230,"indent":4,"parameters":[12]},{"code":123,"indent":4,"parameters":["D",1]},{"code":0,"indent":4,"parameters":[]},{"code":412,"indent":3,"parameters":[]},{"code":0,"indent":3,"parameters":[]},{"code":412,"indent":2,"parameters":[]},{"code":205,"indent":2,"parameters":[0,{"list":[{"code":12,"indent":null},{"code":0}],"repeat":false,"skippable":true,"wait":false}]},{"code":505,"indent":2,"parameters":[{"code":12,"indent":null}]},{"code":0,"indent":2,"parameters":[]},{"code":412,"indent":1,"parameters":[]},{"code":0,"indent":1,"parameters":[]},{"code":412,"indent":0,"parameters":[]},{"code":0,"indent":0,"parameters":[]}],"name":"岩 移動と衝突","switchId":31,"trigger":0},
{"id":63,"list":[{"code":108,"indent":0,"parameters":["逃げた時などの戦闘中断時に、"]},{"code":408,"indent":0,"parameters":["バトルで敵イベントに与えたダメージを"]},{"code":408,"indent":0,"parameters":["マップの敵イベントに反映させる処理"]},{"code":355,"indent":0,"parameters":["const index = 0;"]},{"code":655,"indent":0,"parameters":["const battler = $gameTroop.members()[index];"]},{"code":655,"indent":0,"parameters":["const enemy = $gameMap.enemy(this._eventId);"]},{"code":655,"indent":0,"parameters":["const damage = enemy.hp - battler.hp;"]},{"code":655,"indent":0,"parameters":["if (damage > 0) {"]},{"code":655,"indent":0,"parameters":["  enemy.gainHp(-damage);"]},{"code":655,"indent":0,"parameters":["}"]},{"code":357,"indent":0,"parameters":["KRD/action/KRD_MZ_ActionRPG","mapPopupTroop","Enemyダメージポップアップ",{}]},{"code":0,"indent":0,"parameters":[]}],"name":"Action 戦闘敵Damage","switchId":1,"trigger":0},
{"id":64,"list":[{"code":111,"indent":0,"parameters":[6,-1,8]},{"code":111,"indent":1,"parameters":[12,"!$gameSelfSwitches.value([$gameMap.mapId(), this.ballEventId(this.eventId()), \"D\"])"]},{"code":355,"indent":2,"parameters":["const ballId = this.ballEventId(this.eventId());"]},{"code":655,"indent":2,"parameters":["const launch = this.character(this.eventId());"]},{"code":655,"indent":2,"parameters":["$gameTemp.setEventLocation(ballId, launch.x, launch.y);"]},{"code":655,"indent":2,"parameters":["$gameTemp.turnAwayFromPlayer(ballId);"]},{"code":655,"indent":2,"parameters":["$gameTemp.setSelfSwitch($gameMap.mapId(), ballId, \"D\", true);"]},{"code":230,"indent":2,"parameters":[1]},{"code":0,"indent":2,"parameters":[]},{"code":412,"indent":1,"parameters":[]},{"code":0,"indent":1,"parameters":[]},{"code":412,"indent":0,"parameters":[]},{"code":0,"indent":0,"parameters":[]}],"name":"玉 発射","switchId":1,"trigger":0},
{"id":65,"list":[{"code":111,"indent":0,"parameters":[12,"!$gameMap.isEventRunning()"]},{"code":111,"indent":1,"parameters":[2,"D",0]},{"code":111,"indent":2,"parameters":[12,"this.anyCollision()"]},{"code":230,"indent":3,"parameters":[12]},{"code":355,"indent":3,"parameters":["this.moveHome();"]},{"code":123,"indent":3,"parameters":["D",1]},{"code":0,"indent":3,"parameters":[]},{"code":411,"indent":2,"parameters":[]},{"code":111,"indent":3,"parameters":[12,"!this.canPass()"]},{"code":230,"indent":4,"parameters":[12]},{"code":355,"indent":4,"parameters":["this.moveHome();"]},{"code":123,"indent":4,"parameters":["D",1]},{"code":0,"indent":4,"parameters":[]},{"code":412,"indent":3,"parameters":[]},{"code":0,"indent":3,"parameters":[]},{"code":412,"indent":2,"parameters":[]},{"code":355,"indent":2,"parameters":["this.moveForward(true);"]},{"code":0,"indent":2,"parameters":[]},{"code":412,"indent":1,"parameters":[]},{"code":0,"indent":1,"parameters":[]},{"code":412,"indent":0,"parameters":[]},{"code":0,"indent":0,"parameters":[]}],"name":"玉 衝突","switchId":35,"trigger":0},
{"id":66,"list":[{"code":108,"indent":0,"parameters":["マップの敵イベントのHPを"]},{"code":408,"indent":0,"parameters":["戦闘シーンに反映させる処理の"]},{"code":408,"indent":0,"parameters":["バトルイベント側処理"]},{"code":111,"indent":0,"parameters":[1,68,0,0,3]},{"code":331,"indent":1,"parameters":[0,1,1,68,true]},{"code":357,"indent":1,"parameters":["KRD/battle/KRD_MZ_DamagePopup","popupTroop","敵ダメージポップアップ",{}]},{"code":101,"indent":1,"parameters":["",0,0,2,""]},{"code":401,"indent":1,"parameters":["マップで与えたダメージだ！！"]},{"code":0,"indent":1,"parameters":[]},{"code":412,"indent":0,"parameters":[]},{"code":122,"indent":0,"parameters":[68,68,0,0,0]},{"code":0,"indent":0,"parameters":[]}],"name":"Action ターン 0 処理","switchId":1,"trigger":0},
{"id":67,"list":[{"code":111,"indent":0,"parameters":[12,"!$gameMap.isEventRunning()"]},{"code":111,"indent":1,"parameters":[12,"!$gameSelfSwitches.value([$gameMap.mapId(), this.enemyBallEventId(this.eventId()), \"D\"])"]},{"code":355,"indent":2,"parameters":["const launch = this.character(this.eventId());"]},{"code":655,"indent":2,"parameters":["const ballIdList = $gameMap.metaIdList(\"EnemyBall\");"]},{"code":655,"indent":2,"parameters":["for (const ballId of ballIdList) {"]},{"code":655,"indent":2,"parameters":["  $gameTemp.setEventLocation(ballId, launch.x, launch.y);"]},{"code":655,"indent":2,"parameters":["  $gameTemp.setSelfSwitch($gameMap.mapId(), ballId, \"D\", true);"]},{"code":655,"indent":2,"parameters":["}"]},{"code":230,"indent":2,"parameters":[1]},{"code":0,"indent":2,"parameters":[]},{"code":411,"indent":1,"parameters":[]},{"code":355,"indent":2,"parameters":["const ballIdList = $gameMap.metaIdList(\"EnemyBall\");"]},{"code":655,"indent":2,"parameters":["for (const ballId of ballIdList) {"]},{"code":655,"indent":2,"parameters":["  $gameTemp.setEventLocation(ballId, 0, 0);"]},{"code":655,"indent":2,"parameters":["  $gameTemp.setSelfSwitch($gameMap.mapId(), ballId, \"D\", false);"]},{"code":655,"indent":2,"parameters":["}"]},{"code":0,"indent":2,"parameters":[]},{"code":412,"indent":1,"parameters":[]},{"code":0,"indent":1,"parameters":[]},{"code":412,"indent":0,"parameters":[]},{"code":0,"indent":0,"parameters":[]}],"name":"敵玉 発射","switchId":1,"trigger":0},
{"id":68,"list":[{"code":0,"indent":0,"parameters":[]}],"name":"","switchId":1,"trigger":0},
{"id":69,"list":[{"code":0,"indent":0,"parameters":[]}],"name":"","switchId":1,"trigger":0},
{"id":70,"list":[{"code":230,"indent":0,"parameters":[300]},{"code":111,"indent":0,"parameters":[12,"!$gameMap.isEventRunning()"]},{"code":111,"indent":1,"parameters":[12,"!$gameSelfSwitches.value([$gameMap.mapId(), $gameMap.metaIdList(\"EnemyLaunch\")[0], \"D\"])"]},{"code":355,"indent":2,"parameters":["this.launchBall4(\"EnemyLaunch\", \"EnemyBall\", \"D\");"]},{"code":0,"indent":2,"parameters":[]},{"code":412,"indent":1,"parameters":[]},{"code":0,"indent":1,"parameters":[]},{"code":412,"indent":0,"parameters":[]},{"code":0,"indent":0,"parameters":[]}],"name":"Boss 発射並列","switchId":34,"trigger":2},
{"id":71,"list":[{"code":117,"indent":0,"parameters":[54]},{"code":0,"indent":0,"parameters":[]}],"name":"Boss 衝突","switchId":1,"trigger":0},
{"id":72,"list":[{"code":121,"indent":0,"parameters":[11,11,0]},{"code":121,"indent":0,"parameters":[34,34,1]},{"code":121,"indent":0,"parameters":[35,35,1]},{"code":121,"indent":0,"parameters":[36,36,1]},{"code":357,"indent":0,"parameters":["KRD/action/KRD_MZ_ActionRPG","resetEnemyBallSelfSwitches","一括敵玉セルフスイッチOFF",{"alphabet":"D"}]},{"code":657,"indent":0,"parameters":["アルファベット = D"]},{"code":357,"indent":0,"parameters":["KRD/action/KRD_MZ_ActionRPG","resetBallSelfSwitches","一括玉セルフスイッチOFF",{"alphabet":"D"}]},{"code":657,"indent":0,"parameters":["アルファベット = D"]},{"code":205,"indent":0,"parameters":[-1,{"list":[{"code":14,"parameters":[0,0],"indent":0},{"code":14,"parameters":[0,0],"indent":null},{"code":14,"parameters":[0,0],"indent":null},{"code":0}],"repeat":false,"skippable":true,"wait":true}]},{"code":505,"indent":0,"parameters":[{"code":14,"parameters":[0,0],"indent":0}]},{"code":505,"indent":0,"parameters":[{"code":14,"parameters":[0,0],"indent":null}]},{"code":505,"indent":0,"parameters":[{"code":14,"parameters":[0,0],"indent":null}]},{"code":357,"indent":0,"parameters":["KRD/map/KRD_MZ_WalkSpeed","setMoveSpeed","移動スピード設定",{}]},{"code":357,"indent":0,"parameters":["KRD/action/KRD_MZ_ActionRPG","eraseMapEnemyAndSelfSwitch","全敵イベント消去セルフスイッチ",{}]},{"code":121,"indent":0,"parameters":[11,11,1]},{"code":0,"indent":0,"parameters":[]}],"name":"Boss 撃破","switchId":1,"trigger":0},
{"id":73,"list":[{"code":0,"indent":0,"parameters":[]}],"name":"","switchId":1,"trigger":0},
{"id":74,"list":[{"code":230,"indent":0,"parameters":[330]},{"code":355,"indent":0,"parameters":["this.launchBall4(\"\", \"PlayerBall\", \"D\");"]},{"code":0,"indent":0,"parameters":[]}],"name":"PL玉 発射並列","switchId":35,"trigger":2},
{"id":75,"list":[{"code":0,"indent":0,"parameters":[]}],"name":"","switchId":1,"trigger":0},
{"id":76,"list":[{"code":111,"indent":0,"parameters":[12,"!$gameMap.isEventRunning()"]},{"code":111,"indent":1,"parameters":[2,"D",0]},{"code":111,"indent":2,"parameters":[12,"this.anyCollision()"]},{"code":230,"indent":3,"parameters":[12]},{"code":355,"indent":3,"parameters":["this.moveHome();"]},{"code":123,"indent":3,"parameters":["D",1]},{"code":0,"indent":3,"parameters":[]},{"code":411,"indent":2,"parameters":[]},{"code":111,"indent":3,"parameters":[12,"this.checkOverStep(5)"]},{"code":230,"indent":4,"parameters":[12]},{"code":355,"indent":4,"parameters":["this.moveHome();"]},{"code":123,"indent":4,"parameters":["D",1]},{"code":0,"indent":4,"parameters":[]},{"code":411,"indent":3,"parameters":[]},{"code":111,"indent":4,"parameters":[12,"!this.canPass()"]},{"code":230,"indent":5,"parameters":[12]},{"code":355,"indent":5,"parameters":["this.moveHome();"]},{"code":123,"indent":5,"parameters":["D",1]},{"code":0,"indent":5,"parameters":[]},{"code":412,"indent":4,"parameters":[]},{"code":0,"indent":4,"parameters":[]},{"code":412,"indent":3,"parameters":[]},{"code":0,"indent":3,"parameters":[]},{"code":412,"indent":2,"parameters":[]},{"code":355,"indent":2,"parameters":["this.moveForward(true);"]},{"code":0,"indent":2,"parameters":[]},{"code":412,"indent":1,"parameters":[]},{"code":0,"indent":1,"parameters":[]},{"code":412,"indent":0,"parameters":[]},{"code":0,"indent":0,"parameters":[]}],"name":"PL玉2 衝突","switchId":35,"trigger":0},
{"id":77,"list":[{"code":111,"indent":0,"parameters":[11,"shift",1]},{"code":111,"indent":1,"parameters":[12,"!$gameSelfSwitches.value([$gameMap.mapId(), $gameMap.metaIdList(\"PlayerBall\")[0], \"D\"])"]},{"code":355,"indent":2,"parameters":["this.launchBall1(\"\", \"PlayerBall\", \"D\");"]},{"code":0,"indent":2,"parameters":[]},{"code":412,"indent":1,"parameters":[]},{"code":0,"indent":1,"parameters":[]},{"code":412,"indent":0,"parameters":[]},{"code":0,"indent":0,"parameters":[]}],"name":"PL玉2 発射並列","switchId":36,"trigger":2},
{"id":78,"list":[{"code":0,"indent":0,"parameters":[]}],"name":"","switchId":1,"trigger":0},
{"id":79,"list":[{"code":0,"indent":0,"parameters":[]}],"name":"","switchId":1,"trigger":0},
{"id":80,"list":[{"code":0,"indent":0,"parameters":[]}],"name":"","switchId":1,"trigger":0},
{"id":81,"list":[{"code":0,"indent":0,"parameters":[]}],"name":"","switchId":1,"trigger":0},
{"id":82,"list":[{"code":0,"indent":0,"parameters":[]}],"name":"","switchId":1,"trigger":0},
{"id":83,"list":[{"code":0,"indent":0,"parameters":[]}],"name":"","switchId":1,"trigger":0},
{"id":84,"list":[{"code":0,"indent":0,"parameters":[]}],"name":"","switchId":1,"trigger":0},
{"id":85,"list":[{"code":0,"indent":0,"parameters":[]}],"name":"","switchId":1,"trigger":0},
{"id":86,"list":[{"code":0,"indent":0,"parameters":[]}],"name":"","switchId":1,"trigger":0},
{"id":87,"list":[{"code":0,"indent":0,"parameters":[]}],"name":"","switchId":1,"trigger":0},
{"id":88,"list":[{"code":0,"indent":0,"parameters":[]}],"name":"","switchId":1,"trigger":0},
{"id":89,"list":[{"code":0,"indent":0,"parameters":[]}],"name":"","switchId":1,"trigger":0},
{"id":90,"list":[{"code":0,"indent":0,"parameters":[]}],"name":"","switchId":1,"trigger":0},
{"id":91,"list":[{"code":0,"indent":0,"parameters":[]}],"name":"","switchId":1,"trigger":0},
{"id":92,"list":[{"code":0,"indent":0,"parameters":[]}],"name":"","switchId":1,"trigger":0},
{"id":93,"list":[{"code":0,"indent":0,"parameters":[]}],"name":"","switchId":1,"trigger":0},
{"id":94,"list":[{"code":0,"indent":0,"parameters":[]}],"name":"","switchId":1,"trigger":0},
{"id":95,"list":[{"code":0,"indent":0,"parameters":[]}],"name":"","switchId":1,"trigger":0},
{"id":96,"list":[{"code":0,"indent":0,"parameters":[]}],"name":"","switchId":1,"trigger":0},
{"id":97,"list":[{"code":0,"indent":0,"parameters":[]}],"name":"","switchId":1,"trigger":0},
{"id":98,"list":[{"code":0,"indent":0,"parameters":[]}],"name":"","switchId":1,"trigger":0},
{"id":99,"list":[{"code":0,"indent":0,"parameters":[]}],"name":"","switchId":1,"trigger":0},
{"id":100,"list":[{"code":0,"indent":0,"parameters":[]}],"name":"","switchId":1,"trigger":0},
{"id":101,"list":[{"code":0,"indent":0,"parameters":[]}],"name":"","switchId":1,"trigger":0},
{"id":102,"list":[{"code":0,"indent":0,"parameters":[]}],"name":"","switchId":1,"trigger":0},
{"id":103,"list":[{"code":0,"indent":0,"parameters":[]}],"name":"","switchId":1,"trigger":0},
{"id":104,"list":[{"code":0,"indent":0,"parameters":[]}],"name":"","switchId":1,"trigger":0},
{"id":105,"list":[{"code":0,"indent":0,"parameters":[]}],"name":"","switchId":1,"trigger":0},
{"id":106,"list":[{"code":0,"indent":0,"parameters":[]}],"name":"","switchId":1,"trigger":0},
{"id":107,"list":[{"code":0,"indent":0,"parameters":[]}],"name":"","switchId":1,"trigger":0},
{"id":108,"list":[{"code":0,"indent":0,"parameters":[]}],"name":"","switchId":1,"trigger":0},
{"id":109,"list":[{"code":0,"indent":0,"parameters":[]}],"name":"","switchId":1,"trigger":0},
{"id":110,"list":[{"code":0,"indent":0,"parameters":[]}],"name":"","switchId":1,"trigger":0},
{"id":111,"list":[{"code":0,"indent":0,"parameters":[]}],"name":"","switchId":1,"trigger":0},
{"id":112,"list":[{"code":0,"indent":0,"parameters":[]}],"name":"","switchId":1,"trigger":0},
{"id":113,"list":[{"code":0,"indent":0,"parameters":[]}],"name":"","switchId":1,"trigger":0},
{"id":114,"list":[{"code":0,"indent":0,"parameters":[]}],"name":"","switchId":1,"trigger":0},
{"id":115,"list":[{"code":0,"indent":0,"parameters":[]}],"name":"","switchId":1,"trigger":0},
{"id":116,"list":[{"code":0,"indent":0,"parameters":[]}],"name":"","switchId":1,"trigger":0},
{"id":117,"list":[{"code":0,"indent":0,"parameters":[]}],"name":"","switchId":1,"trigger":0},
{"id":118,"list":[{"code":0,"indent":0,"parameters":[]}],"name":"","switchId":1,"trigger":0},
{"id":119,"list":[{"code":0,"indent":0,"parameters":[]}],"name":"","switchId":1,"trigger":0},
{"id":120,"list":[{"code":0,"indent":0,"parameters":[]}],"name":"","switchId":1,"trigger":0}
]