[
	{
		"type": "actor",
		"id": 1,
		"name": "Average",
		"nickname": "Test Nickname",
		"profile_1st": "I'm actor 1.\\nTest return.",
		"profile_2nd": "This is test text.\\nTest return."
	},
	{
		"type": "actor",
		"id": 4,
		"name": "Witch",
		"nickname": "Super Witch",
		"profile_1st": "I'm actor 4.",
		"profile_2nd": "I'm super witch.\\nTest return."
	},
	{
		"type": "armor",
		"id": 1,
		"name": "Beginner",
		"desc_1st": "This is an armor.",
		"desc_2nd": "For Beginner."
	},
	{
		"type": "armor",
		"id": 11,
		"name": "Starter",
		"desc_1st": "This is an armor.",
		"desc_2nd": "For next step."
	},
	{
		"type": "class",
		"id": 1,
		"name": "Average"
	},
	{
		"type": "class",
		"id": 2,
		"name": "Brave"
	},
	{
		"type": "class",
		"id": 3,
		"name": "Ninja"
	},
	{
		"type": "class",
		"id": 4,
		"name": "Alchemist"
	},
	{
		"type": "class",
		"id": 5,
		"name": "Priest"
	},
	{
		"type": "enemy",
		"id": 1,
		"name": "Beast"
	},
	{
		"type": "enemy",
		"id": 2,
		"name": "Demon"
	},
	{
		"type": "enemy",
		"id": 3,
		"name": "Machine"
	},
	{
		"type": "enemy",
		"id": 4,
		"name": "Undead"
	},
	{
		"type": "item",
		"id": 8,
		"name": "Hi Potion",
		"desc_1st": "Healing HP.",
		"desc_2nd": "This is a great potion."
	},
	{
		"type": "item",
		"id": 10,
		"name": "Magic Water",
		"desc_1st": "Healing MP.",
		"desc_2nd": "This is a rare item."
	},
	{
		"type": "skill",
		"id": 1,
		"name": "Attack",
		"desc_1st": "Attack for an enemy.",
		"desc_2nd": "This is normal attack."
	},
	{
		"type": "skill",
		"id": 2,
		"name": "Guard",
		"desc_1st": "Reduces damage.",
		"desc_2nd": "This is defensive action."
	},
	{
		"type": "skill",
		"id": 12,
		"name": "Sword",
		"desc_1st": "Sword slash for an enemy.",
		"desc_2nd": "This is normal attack."
	},
	{
		"type": "skill",
		"id": 42,
		"name": "Heal",
		"desc_1st": "Magic for an ally.",
		"desc_2nd": "This is healing spell."
	},
	{
		"type": "skill",
		"id": 47,
		"name": "Fire",
		"desc_1st": "Magic for an enemy.",
		"desc_2nd": "This is fire spell."
	},
	{
		"type": "skill",
		"id": 63,
		"name": "Smash",
		"desc_1st": "Special attack for an enemy.",
		"desc_2nd": "This is special skill."
	},
	{
		"type": "state",
		"id": 1,
		"name": "Knockout",
		"message1": "Message1 test. State1",
		"message2": "Message2 test. State1",
		"message3": "Message3 test. State1",
		"message4": "Message4 test. State1"
	},
	{
		"type": "state",
		"id": 2,
		"name": "Guard",
		"message1": "Message1 test. State2",
		"message2": "Message2 test. State2",
		"message3": "Message3 test. State2",
		"message4": "Message4 test. State2"
	},
	{
		"type": "state",
		"id": 4,
		"name": "Poison",
		"message1": "Message1 test. State4",
		"message2": "Message2 test. State4",
		"message3": "Message3 test. State4",
		"message4": "Message4 test. State4"
	},
	{
		"type": "state",
		"id": 5,
		"name": "Blind",
		"message1": "Message1 test. State5",
		"message2": "Message2 test. State5",
		"message3": "Message3 test. State5",
		"message4": "Message4 test. State5"
	},
	{
		"type": "weapon",
		"id": 1,
		"name": "Sword 1",
		"desc_1st": "This is \\weapon[1].",
		"desc_2nd": "Good \\R[weapon,うえぽん]."
	},
	{
		"type": "weapon",
		"id": 8,
		"name": "Knife 1",
		"desc_1st": "This is \\weapon[8].",
		"desc_2nd": "Good weapon."
	},
	{
		"type": "weapon",
		"id": 11,
		"name": "Sword 2",
		"desc_1st": "This is \\weapon[11].",
		"desc_2nd": "Great \\R[weapon,うえぽん]."
	},
	{
		"type": "weapon",
		"id": 18,
		"name": "Knife 2",
		"desc_1st": "This is \\weapon[18].",
		"desc_2nd": "Grate weapon."
	},
	{
		"type": "dummy",
		"id": 0,
		"name": "dummy",
		"desc_1st": "dummy",
		"desc_2nd": "dummy"
	}
]
