[
	{
		"type": "help",
		"id": "InfoName",
		"title": "\\I[189]\\R[情報,じょうほう]",
		"title_1": "Information"
	},
	{
		"type": "help",
		"id": "Title",
		"title": "\\R[説明書,ヘルプ]",
		"title_1": "Help"
	},
	{
		"type": "help",
		"id": "Purpose",
		"title": "ゲームの\\R[目的,もくてき]",
		"title_1": "Purpose",
		"desc": "このゲームは、\\n\\R[Role,ロール] \\R[Playing,プレイング] \\R[Game,ゲーム]です。\\n\\n\\R[画面内,がめんない]の\\R[主人公,しゅじんこう]を\\R[操作,そうさ]します。\\nそして、\\R[人々,ひとびと]を\\R[助,たす]けましょう。\\nやがて、\\R[世界,せかい]の\\R[真実,しんじつ]を\\n\\R[知,し]ることになります。",
		"desc_1": "This is Role Playing Game.\\nYou control player character.\\nAnd you help people\\nin this world."
	},
	{
		"type": "help",
		"id": "How to play",
		"title": "\\R[操作方法,そうさほうほう]",
		"title_1": "How to play",
		"desc": "\\R[画面,がめん]をタッチ、\\nまたはマウスで\\R[操作,そうさ]できます。\\n\\n■キーボードの場合\\n移動：方向キー(↑←↓→)\\n調べる、決定：Enter\\nメニュー、キャンセル：Esc",
		"desc_1": "Touch it!\\nClick it!\\n\\n[Keyboard]\\nMove:↑←↓→\\nSearch, OK:Enter\\nCancel:Esc"
	},
	{
		"type": "help",
		"id": "Flow",
		"title": "ゲームの\\R[流,なが]れ",
		"title_1": "Flow",
		"desc": "\\R[主人公,しゅじんこう]を\\R[操作,そうさ]し\\n\\R[世界,せかい]を\\R[冒険,ぼうけん]します。\\n\\R[時,とき]には、\\R[町,まち]で\\R[会話,かいわ]や\\R[買い物,ショッピング]を\\n\\R[時,とき]には、\\R[迷宮,ダンジョン]で\\n\\R[怪物,モンスター]と\\R[戦,たたか]います。\\nそして、\\nさらなる\\R[地,ち]へ\\R[旅立,たびだ]ちます。",
		"desc_1": "Adventure in this world.\\nAnd talk to people in town.\\nAnd battle to monster\\nin dungeon."
	},
	{
		"type": "help",
		"id": "Map",
		"title": "マップ\\R[画面,がめん]",
		"title_1": "Map",
		"desc": "\\n\\n\\n\\n\\n\\R[主人公,しゅじんこう]が\\R[冒険,ぼうけん]する\\R[画面,がめん]です。",
		"desc_1": "You control actor."
	},
	{
		"type": "help",
		"id": "Menu",
		"title": "メニュー\\R[画面,がめん]",
		"title_1": "Menu",
		"desc": "\\n\\n\\n\\n\\n\\R[主人公,しゅじんこう]の\\R[状態,じょうたい]が\\R[表示,ひょうじ]されます。\\nメニューコマンドを\\R[使,つか]えます。",
		"desc_1": "You can play menu command."
	},
	{
		"type": "help",
		"id": "Battle",
		"title": "バトル\\R[画面,がめん]",
		"title_1": "Battle",
		"desc": "\\n\\n\\n\\n\\n\\R[怪物,モンスター]と\\R[戦,たたか]う\\R[画面,がめん]です。",
		"desc_1": "You battle to monsters."
	},
	{
		"type": "help",
		"id": "Item",
		"title": "\\R[道具,アイテム]",
		"title_1": "Item",
		"desc": "\\n\\n\\n\\n\\R[持,も]っている\\R[道具,アイテム]を\\R[使用,しよう]します。\\n\\n\\R[味方全体,みかたぜんたい]で\\R[共有,きょうゆう]です。\\n\\R[種類,しゅるい]ごとに\\R[9個,きゅうこ]まで\\R[持,も]てます。",
		"desc_1": "You can use items."
	},
	{
		"type": "help",
		"id": "Skill",
		"title": "スキル",
		"title_1": "Skill",
		"desc": "\\n\\n\\n\\R[主人公達,しゅじんこうたち]が\\R[使,つか]える\\R[特殊な技,スキル]を\\n\\R[使用,しよう]します。\\n\\n\\R[ ＭＰ ,メンタルポイント]を\\R[消費,しょうひ]します。",
		"desc_1": "You can use skills."
	},
	{
		"type": "help",
		"id": "Equip",
		"title": "\\R[装備,そうび]",
		"title_1": "Equip",
		"desc": "\\n\\n\\n\\n\\R[主人公達,しゅじんこうたち]が\\R[戦闘,バトル]で\\R[使用,しよう]する\\n\\R[武器,ぶき]や\\R[防具,ぼうぐ]を\\R[変更,へんこう]します。",
		"desc_1": "You can change equips."
	},
	{
		"type": "help",
		"id": "Formation",
		"title": "\\R[隊列,たいれつ]",
		"title_1": "Formation",
		"desc": "\\n\\n\\R[主人公達,しゅじんこうたち]の\\R[順番,じゅんばん]を\\R[変更,へんこう]します。\\nバトル：\\R[戦闘,バトル]に\\R[参加,さんか]する。\\nオートバトル：\\n\\R[戦闘,バトル]に\\R[参加,さんか]して\\R[自動行動,じどうこうどう]する。\\nサポート：\\n\\R[戦闘,バトル]に\\R[参加,さんか]しないが\\R[支援,しえん]する。\\nリーダー：\\R[隊列変更不可,たいれつへんこうふか]。\\nサポーター：\\n\\R[戦闘,バトル]に\\R[参加,さんか]できない。",
		"desc_1": "You can change equips."
	},
	{
		"type": "quest",
		"id": "Quest",
		"title": "\\R[依頼と実績,クエスト]",
		"title_1": "Quest"
	},
	{
		"type": "quest",
		"id": "Opening",
		"title": "\\R[ OP ,オープニング]\\R[終了,しゅうりょう]",
		"title_1": "Watched Opening",
		"desc": "オープニングを\\R[見,み]た。\\nオープニングを\\R[見,み]たよ。\\nオープニングを\\R[見,み]たんだ。",
		"desc_1": "You watched opening.\\nYou started adventures."
	},
	{
		"type": "quest",
		"id": "Filal Trophy",
		"title": "最後の実績",
		"title_1": "Filal Trophy",
		"desc": "すべての実績を獲得した。\\nどうしたら「すべて」と分かる？",
		"desc_1": "You got all trophies.\\nCongratulations."
	},
	{
		"type": "word",
		"id": "Word",
		"title": "\\R[用語,ようご]",
		"title_1": "Word"
	},
	{
		"type": "actor",
		"id": "Actor",
		"title": "アクター",
		"title_1": "Actor"
	},
	{
		"type": "class",
		"id": "Class",
		"title": "\\R[職業,しょくぎょう]",
		"title_1": "Class"
	},
	{
		"type": "skill",
		"id": "Skill",
		"title": "スキル",
		"title_1": "Skill"
	},
	{
		"type": "item",
		"id": "Item",
		"title": "\\R[道具,アイテム]",
		"title_1": "Item"
	},
	{
		"type": "weapon",
		"id": "Weapon",
		"title": "\\R[武器,ぶき]",
		"title_1": "Weapon"
	},
	{
		"type": "armor",
		"id": "Armor",
		"title": "\\R[防具,ぼうぐ]",
		"title_1": "Armor"
	},
	{
		"type": "enemy",
		"id": "Enemy",
		"title": "\\R[敵,てき]キャラ",
		"title_1": "Enemy"
	}
]
