[
null,
{"id":1,"animationId":-1,"damage":{"critical":true,"elementId":-1,"formula":"a.atk * 4 - b.def * 2","type":1,"variance":20},"description":"","effects":[{"code":21,"dataId":0,"value1":1,"value2":0}],"hitType":1,"iconIndex":76,"message1":"%1の攻撃！","message2":"","mpCost":0,"name":"攻撃","note":"スキル1番は攻撃コマンドに対応します。","occasion":1,"repeats":1,"requiredWtypeId1":0,"requiredWtypeId2":0,"scope":1,"speed":0,"stypeId":0,"successRate":100,"tpCost":0,"tpGain":5,"messageType":1},
{"id":2,"animationId":0,"damage":{"critical":false,"elementId":0,"formula":"0","type":0,"variance":20},"description":"","effects":[],"hitType":0,"iconIndex":0,"message1":"","message2":"","mpCost":0,"name":"防御（ダミー）","note":"","occasion":0,"repeats":1,"requiredWtypeId1":0,"requiredWtypeId2":0,"scope":1,"speed":0,"stypeId":1,"successRate":100,"tpCost":0,"tpGain":0,"messageType":1},
{"id":3,"animationId":0,"damage":{"critical":true,"elementId":4,"formula":"a.mat * 6 - b.mdf * 2","type":1,"variance":20},"description":"","effects":[{"code":44,"dataId":10,"value1":1,"value2":0}],"hitType":0,"iconIndex":66,"message1":"","message2":"","mpCost":4,"name":"全体攻撃","note":"","occasion":2,"repeats":1,"requiredWtypeId1":0,"requiredWtypeId2":0,"scope":0,"speed":0,"stypeId":1,"successRate":100,"tpCost":0,"tpGain":0,"messageType":1}
]